User,Item,Predicted Rating,Actual Rating
593,0,4.014439588118478,4.5
593,1,3.9812935332017014,3.5
593,2,4.373296814384779,4.5
593,3,3.9599160508180473,3.5
593,4,3.459488472006441,4.0
593,5,4.045709155659541,3.5
593,6,3.8582772773808762,
593,7,3.8884419404856403,3.0
593,8,4.049439519532462,4.5
593,9,4.333365171856619,
593,10,4.017454574372051,4.0
593,11,3.6035078343384233,3.0
593,12,3.6148690454663526,4.0
593,13,3.275241254628585,
593,14,4.215459257768553,4.0
593,15,3.422713723193705,
593,16,3.148751257583132,
593,17,3.8395602175620716,3.5
593,18,3.828675735419537,5.0
593,19,3.272604557314143,3.5
593,20,3.673131370968285,3.5
593,21,3.899992149554113,
593,22,4.034661596548085,4.5
593,23,3.5300918658400686,1.0
593,24,3.042312789318062,3.5
593,25,3.7469106033116386,3.0
593,26,3.3895506710397876,4.0
593,27,3.695192324525164,4.0
593,28,4.32480368751412,5.0
593,29,3.4793616736067436,5.0
593,30,4.092334206029563,5.0
593,31,3.6984477065256165,3.0
593,32,2.4793616628292705,2.0
593,33,3.9413951116737147,4.0
593,34,3.238272941792178,3.0
593,35,4.079848076526786,4.0
593,36,3.494749413821197,3.5
593,37,3.7716719460101498,4.5
593,38,3.092853761299108,3.0
593,39,2.925519026885926,2.5
593,40,3.8987108305456752,
593,41,3.0441652259318275,3.0
593,42,3.39531712854457,3.5
593,43,3.529223229765714,
593,44,3.714157489863386,4.0
593,45,4.0091400146206695,4.5
593,46,2.4348269199396544,
593,47,4.047743664224916,
593,48,3.8584814814986643,
593,49,3.1446588876366537,3.5
593,50,3.7739121733823935,5.0
593,51,3.4957164409997983,4.0
593,52,2.8029994346830986,3.0
593,53,3.7820450785845563,4.0
593,54,3.487135769544111,
593,55,3.0606218210667144,
593,56,3.915471549403908,4.5
593,57,3.3098314235564428,3.5
593,58,3.5217676510823286,3.0
593,59,3.3626907833847097,3.0
593,60,3.5929609816231802,
593,61,3.8516979572055523,
593,62,3.6403793033992295,3.0
593,63,4.059689025935871,4.5
593,64,2.910590141488145,
593,65,3.494936742947656,2.5
593,66,3.474586179255729,3.5
593,67,3.50126135685651,3.0
593,68,3.0905795674016536,
593,69,3.5789607413677524,4.5
593,70,3.076884874478511,2.5
593,71,3.2641375837948954,3.5
593,72,3.839018875656791,
593,73,2.6377830521626615,
593,74,3.9441378285631052,4.5
593,75,3.38961216791318,
593,76,3.4034433187756368,4.0
593,77,2.956753580389515,
593,78,4.3721516823391005,4.5
593,79,3.19856852791335,3.5
593,80,3.7164569668116845,4.5
593,81,3.3662700336151183,3.0
593,82,4.175729313462891,4.5
593,83,3.8438551726726433,2.5
593,84,2.85690492086542,
593,85,3.8078122149916047,4.0
593,86,3.2877462153309676,3.0
593,87,3.832318516230901,4.0
593,88,3.406603046717996,4.5
593,89,3.4913157050125876,3.0
593,90,3.6550326093954273,0.5
593,91,3.8662068910542673,3.5
593,92,2.7460243029599005,
593,93,3.4149413354379536,2.5
593,94,2.731897703997749,1.0
593,95,2.9417345709788068,3.0
593,96,3.9151913011208235,3.0
593,97,3.01846908706126,4.0
593,98,4.031895574576794,3.5
593,99,3.6842914741269808,4.0
593,100,3.642561288649469,2.5
593,101,4.212537774406734,5.0
593,102,3.7039641709370437,4.5
593,103,3.854022503539146,5.0
593,104,3.2612423136031508,2.0
593,105,3.8250213301405283,3.5
593,106,3.3426022341338455,2.5
593,107,3.779752122447765,
593,108,3.594686181483056,4.0
593,109,3.5096144304667773,3.5
593,110,2.374878535564458,2.0
593,111,3.49759327450907,3.0
593,112,4.037186813820943,4.0
593,113,4.274947079612197,3.0
593,114,3.1506984979678454,1.0
593,115,3.3271206435490748,
593,116,3.680688377353753,3.0
593,117,3.4946015061008926,3.0
593,118,2.990524424710164,2.5
593,119,3.8187148266456874,3.5
593,120,3.5653177120265416,
593,121,3.5365131390380244,
593,122,3.873971864720108,4.5
593,123,3.783451625471381,4.0
593,124,3.639279378112718,4.0
593,125,3.0837754590276023,
593,126,3.8429181597782103,4.0
593,127,2.7285451444592668,
593,128,2.826070420229825,3.0
593,129,3.4805609888265114,
593,130,3.468209723050587,3.0
593,131,3.1491919626881852,3.5
593,132,4.202467519103519,4.5
593,133,3.1106039831491477,3.0
593,134,3.366295820494441,3.0
593,135,3.627200539352178,
593,136,3.666377129171915,3.0
593,137,3.2893086239986546,3.0
593,138,3.59286960277195,
593,139,2.99291493749441,
593,140,3.742486210639032,4.0
593,141,2.658849203816303,
593,142,3.6798387871583618,
593,143,1.9905186836439244,
593,144,3.84711142314082,4.0
593,145,3.820499696891062,4.5
593,146,3.3566566547172374,
593,147,3.4291811374974284,5.0
593,148,4.19325450693493,
593,149,3.8519579920458553,3.5
593,150,3.604057847953952,
593,151,4.063295850124554,4.5
593,152,3.604107446622681,4.5
593,153,3.493276075664677,1.5
593,154,3.6067155108326765,3.0
593,155,3.7453138120705787,4.5
593,156,3.2400665644293136,
593,157,3.608073513368877,
593,158,3.673586787279628,4.0
593,159,3.3313687105512892,
593,160,4.044176410313761,
593,161,3.5081090888271995,1.5
593,162,3.2083804906362476,3.0
593,163,3.1885107404719464,
593,164,4.016754370147713,4.5
593,165,3.688656416807072,4.0
593,166,3.8081070277193194,4.5
593,167,3.837018405974841,2.5
593,168,3.814744772956574,
593,169,3.0353434592823145,
593,170,3.3710721484442376,3.5
593,171,2.980757687062945,
593,172,3.526443449965472,4.5
593,173,2.918199887731364,
593,174,3.6417014158963634,
593,175,3.742357338297609,4.0
593,176,3.654313833810729,3.0
593,177,2.563433978257923,
593,178,3.439186404662411,
593,179,3.6952824823177086,3.5
593,180,3.1824130033971096,2.0
593,181,2.9023247971951633,
593,182,3.2132605143324016,3.5
593,183,3.286953887040937,2.0
593,184,3.9280486791658564,
593,185,2.8492875005802882,3.0
593,186,3.586533125657038,4.0
593,187,3.86720282772049,1.0
593,188,3.7830768071683134,
593,189,2.5953019836259146,
593,190,3.7940529105372316,4.0
593,191,3.8912332799777003,
593,192,3.7242339028586726,
593,193,3.388949611393076,
593,194,3.4243448057519146,3.5
593,195,3.3448935596925704,
593,196,4.22576216477352,5.0
593,197,2.9693670276871265,2.5
593,198,3.477207675328235,3.0
593,199,3.654482885886479,3.0
197,0,4.9571436741313795,5.0
197,1,4.569658101431878,4.0
197,2,5.0,5.0
197,3,4.81572799611018,5.0
197,4,4.040435571064137,
197,5,4.512901049187068,
197,6,4.464201135527961,
197,7,4.360125139732688,4.0
197,8,4.519649733902453,4.0
197,9,4.974891567218503,5.0
197,10,4.651563654570879,5.0
197,11,4.378087334415334,
197,12,4.342598709161586,
197,13,3.533691112849337,3.0
197,14,4.969601458479662,
197,15,4.053971622631951,3.0
197,16,3.791720837581298,4.0
197,17,4.351248210697172,
197,18,4.828071188281833,5.0
197,19,4.538212167005923,5.0
197,20,4.243110073781651,
197,21,4.497330566770365,5.0
197,22,4.731281671330707,5.0
197,23,4.574935586097173,
197,24,3.5664838788349917,4.0
197,25,4.140523415150008,
197,26,3.9672340292011774,3.0
197,27,4.2103990848015584,5.0
197,28,5.0,4.0
197,29,4.832063856034039,4.0
197,30,4.622426906692284,5.0
197,31,4.328647392624051,4.0
197,32,2.8278522243148556,
197,33,4.439073213657038,5.0
197,34,3.586677240282262,4.0
197,35,4.757202477826403,4.0
197,36,3.8249262534461446,4.0
197,37,4.392617179298409,
197,38,3.802194162635005,4.0
197,39,3.6753036451034315,
197,40,4.45731941816199,
197,41,3.5616199888566684,
197,42,3.7744474555815524,4.0
197,43,4.173346292667038,4.0
197,44,4.820813190962545,5.0
197,45,4.124297008614925,4.0
197,46,2.8575817677336937,
197,47,4.52845183857833,4.5
197,48,4.599198171885822,5.0
197,49,3.5399026273441625,
197,50,4.197730173183692,
197,51,3.7784803365322785,4.0
197,52,3.2046043446964227,
197,53,4.622625774663031,5.0
197,54,4.16950864147674,5.0
197,55,3.3373647252438086,2.0
197,56,4.431136311606582,4.5
197,57,3.9520756817926648,4.0
197,58,4.081073026647459,
197,59,4.645501005088062,5.0
197,60,4.7048500949242795,5.0
197,61,4.952434348642748,5.0
197,62,4.270029621362432,
197,63,4.77763970190023,5.0
197,64,3.2319143284887266,2.0
197,65,3.8574162887311836,5.0
197,66,3.7917335517148962,4.0
197,67,4.382150595202927,3.0
197,68,3.501148459184103,
197,69,4.038309638430388,4.0
197,70,3.479428067721463,4.0
197,71,4.318568372377197,4.0
197,72,4.617463740616666,5.0
197,73,2.8879672761515316,
197,74,4.45737688803721,
197,75,3.773204308767015,3.0
197,76,4.6917896810684825,5.0
197,77,3.684627717231492,
197,78,4.800932064567968,
197,79,4.332562682774946,4.0
197,80,4.645645220943813,5.0
197,81,3.5796017326481544,4.0
197,82,4.717689771416099,5.0
197,83,4.702583379434767,4.5
197,84,3.2812955422536425,3.0
197,85,4.1743725310864415,
197,86,3.731707528625785,
197,87,4.366531719217347,5.0
197,88,4.033232865471045,4.0
197,89,4.067144494597006,4.0
197,90,4.552530093757522,
197,91,4.5543544710076835,
197,92,3.3685984509047713,
197,93,4.595154515260528,5.0
197,94,3.4509973807510548,2.0
197,95,3.053210964119261,
197,96,4.602344949664049,
197,97,3.7998787706750843,4.0
197,98,4.350853487713919,
197,99,4.710006642528962,4.0
197,100,4.422770474074522,5.0
197,101,4.88258002960072,5.0
197,102,4.837076705181469,
197,103,4.153592763144605,4.0
197,104,4.375546828730858,
197,105,4.225099457801196,4.0
197,106,4.125723281864675,
197,107,4.274825892605972,5.0
197,108,4.142832313084896,
197,109,4.155651261260758,
197,110,3.8280695998026077,
197,111,4.579082238651114,
197,112,4.701369631571074,4.5
197,113,4.640097526989616,5.0
197,114,4.5751360593188695,4.0
197,115,3.9840523710956646,4.0
197,116,4.35361727947283,5.0
197,117,4.720628730616613,5.0
197,118,3.6379067748261993,
197,119,4.819924299967106,5.0
197,120,3.953105392636863,4.0
197,121,4.616163260721262,5.0
197,122,4.555629713535369,4.0
197,123,4.874284185440573,5.0
197,124,4.148669770741418,
197,125,3.381541533809735,
197,126,4.4993538846763075,4.0
197,127,3.2735218369394126,4.0
197,128,3.6715756128177195,
197,129,4.036719037018695,4.0
197,130,4.5100688101681135,
197,131,4.604514582623684,4.0
197,132,4.401337910187782,
197,133,4.221454716812719,
197,134,4.180606385569999,
197,135,4.30885269290202,5.0
197,136,4.272526215598078,5.0
197,137,4.241781483685974,
197,138,4.257575942519146,4.0
197,139,3.694480683522565,2.0
197,140,4.42987665990679,5.0
197,141,3.0264733223197027,
197,142,4.443879369695358,
197,143,2.128051689946811,
197,144,4.3925813420938375,5.0
197,145,4.654340603443929,4.0
197,146,3.6081881533656426,4.0
197,147,4.521870999191879,
197,148,4.381896981952194,5.0
197,149,4.433632902268016,4.0
197,150,4.54361336935666,4.0
197,151,4.692986619858469,4.0
197,152,4.600628737576627,5.0
197,153,4.432674269394707,4.0
197,154,4.18563260624211,5.0
197,155,4.655019450003812,
197,156,3.769898912184791,4.0
197,157,4.3756909471244425,4.0
197,158,4.126226601303632,
197,159,3.9718024108957666,
197,160,4.657240824670421,4.5
197,161,3.935168064271968,4.0
197,162,4.024157880531152,4.0
197,163,3.3736803852425346,3.0
197,164,4.428095127347872,5.0
197,165,4.761239424657046,5.0
197,166,4.39794728349376,
197,167,4.552103877884188,
197,168,4.549619796869617,
197,169,3.4336843848231355,3.0
197,170,4.034615837488271,
197,171,3.693492631045454,
197,172,4.06482075286123,4.0
197,173,3.727046445220235,3.0
197,174,4.074245989137578,
197,175,4.437840604657801,5.0
197,176,4.066147207560542,4.0
197,177,3.2946802900799885,
197,178,4.253606312908097,5.0
197,179,4.288776591559236,3.5
197,180,4.038636303444531,4.5
197,181,3.678825905680262,
197,182,4.410885211186096,
197,183,3.6044218155044607,4.0
197,184,4.635109768086057,4.0
197,185,3.2094665032149217,
197,186,4.056826080952749,
197,187,4.742208838476414,5.0
197,188,4.386355488924717,4.0
197,189,3.539669731415943,
197,190,4.436226504302567,
197,191,4.712989627091417,5.0
197,192,4.393057100492894,5.0
197,193,4.191052273155598,3.0
197,194,4.2975552437559355,
197,195,3.7852185469691233,5.0
197,196,4.938494900732383,5.0
197,197,4.314430906818268,4.0
197,198,4.096788101833572,
197,199,4.035896441551926,4.0
67,0,3.9781654498873182,4.0
67,1,4.157525723860961,2.5
67,2,4.392322512342641,4.5
67,3,4.0482525206376625,
67,4,3.8429680709597465,4.0
67,5,4.528635855953906,4.0
67,6,4.076598887726552,4.0
67,7,4.219459271436298,
67,8,3.97121447709918,4.0
67,9,4.4348985654259065,5.0
67,10,4.222042612104503,5.0
67,11,4.277277405384796,
67,12,3.979004535909073,5.0
67,13,3.3248371650123043,3.0
67,14,4.094553430059385,4.0
67,15,3.992278265844071,4.0
67,16,3.753668831667695,
67,17,4.403737093875173,
67,18,3.842513942281373,4.0
67,19,3.297827816656261,4.0
67,20,3.7844711853868738,4.0
67,21,4.584542569324402,4.0
67,22,3.8021474298581284,4.0
67,23,3.763181734169248,4.0
67,24,3.622494299552645,4.0
67,25,3.9947213056475626,4.0
67,26,3.917326816885113,4.0
67,27,3.9960181235295256,
67,28,4.438113465899988,5.0
67,29,3.643063043011122,2.5
67,30,4.021583173739708,4.0
67,31,4.012325201107968,4.0
67,32,3.0920058882452355,
67,33,4.262778467857926,4.5
67,34,3.3206013012944737,4.0
67,35,4.28992217375798,3.0
67,36,3.667983463298766,3.0
67,37,4.022206520846403,5.0
67,38,3.289405594879995,4.0
67,39,3.2914144664928213,3.0
67,40,4.222749266985407,4.0
67,41,3.5704612122511086,2.0
67,42,3.1707405623327705,4.0
67,43,4.142185858500155,4.0
67,44,4.025378591928912,4.0
67,45,3.7593518526198726,4.5
67,46,2.793259151131644,
67,47,4.2788105362375175,3.0
67,48,4.053543400207449,4.0
67,49,3.090444528315893,4.0
67,50,3.9352746219749464,
67,51,3.5164135452576977,3.0
67,52,3.321543531951096,
67,53,4.156910225524582,4.5
67,54,3.7402818565865537,4.0
67,55,2.9782186077651605,3.0
67,56,4.110191510429084,
67,57,3.6607514517079727,4.0
67,58,4.122466646213221,4.0
67,59,4.228899956047134,
67,60,3.903696549586602,5.0
67,61,3.8906913822926965,4.0
67,62,4.1629027911963465,5.0
67,63,3.841885152880415,3.0
67,64,2.977099105260402,3.0
67,65,3.6012602386871055,4.0
67,66,3.3760854400493927,
67,67,3.875285847619277,5.0
67,68,3.5122194457115055,4.0
67,69,3.7044922665397872,3.0
67,70,3.0831156728242695,3.0
67,71,3.897179578143596,
67,72,3.8950264608896994,
67,73,2.4619100175202098,
67,74,3.9269864877001304,4.0
67,75,3.296992301673539,2.0
67,76,3.766532411595976,
67,77,3.1368931666794024,2.0
67,78,4.371814761959053,
67,79,4.124228008383816,5.0
67,80,3.8037594827924104,
67,81,3.474773432557216,3.0
67,82,4.074000215722024,
67,83,4.159503036245163,4.0
67,84,2.833464108163188,
67,85,3.6310035323312504,3.0
67,86,3.2931605169824074,
67,87,3.3575941487638223,3.0
67,88,3.6939845568093155,2.0
67,89,3.748891366718391,
67,90,3.700936960317158,5.0
67,91,3.908327468217511,4.5
67,92,2.902094421993595,4.0
67,93,3.5481459767285664,4.0
67,94,3.25680121655084,4.0
67,95,2.741234517262747,3.0
67,96,3.90831675270879,4.0
67,97,3.718305978177731,4.0
67,98,3.8216359647673146,5.0
67,99,3.760862818397724,3.0
67,100,3.832147502409828,
67,101,4.442200795179462,
67,102,3.9225425518060613,4.0
67,103,3.7029428415590457,4.0
67,104,3.939476279801093,4.0
67,105,4.059711241203606,
67,106,3.27184574833953,
67,107,4.049346958039656,4.0
67,108,3.9101818425387456,4.0
67,109,3.695105569268701,4.0
67,110,2.866465275515454,
67,111,3.4868102743054132,3.0
67,112,4.236615315771195,
67,113,4.219844732716554,5.0
67,114,3.7335527618464863,3.0
67,115,3.614721452876851,3.0
67,116,4.091494083802878,3.0
67,117,3.6764273548267936,
67,118,3.4801020156519793,4.0
67,119,3.934793376943381,3.0
67,120,3.3730992941146365,4.0
67,121,3.8024894568616934,
67,122,4.279216169305179,4.0
67,123,4.116188603474271,
67,124,3.764523405333447,4.0
67,125,3.1587261164942366,
67,126,4.266011328388751,5.0
67,127,2.8963804662188046,
67,128,3.579505108437728,4.0
67,129,3.4212831101221153,2.0
67,130,3.8372616709778713,
67,131,3.4850955560112937,3.0
67,132,4.0950813153088355,4.0
67,133,3.540916767750763,3.5
67,134,3.897752886288623,4.0
67,135,3.705093591740828,
67,136,3.173807445402578,4.0
67,137,3.4747156634713012,
67,138,3.9864155579063234,4.5
67,139,3.5135075843733055,3.0
67,140,3.949405612159456,2.5
67,141,2.7498437762886296,3.0
67,142,3.7490485632115624,
67,143,2.4984251111721174,
67,144,3.6776204760495763,
67,145,3.9151517280906716,
67,146,3.48240218002957,4.0
67,147,3.4186212846708757,3.0
67,148,3.9661954959820527,
67,149,3.9477795316050766,3.0
67,150,3.499001592592889,
67,151,4.189364426327192,4.5
67,152,3.848417451186426,3.0
67,153,3.4748281348334435,5.0
67,154,3.9349272985738883,3.0
67,155,4.161379069791974,3.5
67,156,3.4144105887980216,3.0
67,157,3.589415094398914,2.0
67,158,3.623900903494523,
67,159,3.7780055016387433,3.0
67,160,4.238086631288788,4.5
67,161,3.5439041754631115,
67,162,3.5636801125903297,4.0
67,163,3.098146236888517,2.0
67,164,3.880604206578085,4.0
67,165,3.9189961920844887,4.0
67,166,4.047758161268408,4.0
67,167,3.9539127265974647,3.0
67,168,3.603096556639594,
67,169,3.4337994263122753,2.0
67,170,3.3907875435681762,
67,171,3.555068499792057,2.0
67,172,3.740789044699492,4.0
67,173,3.144193654300012,1.0
67,174,3.6242329582648827,
67,175,4.113686437949928,4.0
67,176,4.072090007920782,4.0
67,177,3.0840836684059645,3.0
67,178,3.504516444599946,3.0
67,179,4.051637885984235,4.0
67,180,3.569159527559708,
67,181,2.8530709330804713,3.0
67,182,3.409265474403526,4.0
67,183,3.350363853562522,4.0
67,184,4.088808199988218,3.0
67,185,2.8418114081747263,2.0
67,186,3.6734653042537406,
67,187,3.825040530953574,
67,188,3.624782035839494,3.5
67,189,3.1150133731740945,
67,190,3.6770210698060324,
67,191,4.128130715528892,4.0
67,192,4.141364822664501,
67,193,3.962787295512137,3.0
67,194,3.278551995151651,
67,195,3.7719562196213903,4.0
67,196,4.214374376697133,
67,197,3.4513787840127432,
67,198,3.4197867472804355,4.0
67,199,3.8123726012725516,2.0
280,0,3.6532777867604422,
280,1,3.5768887871534916,4.0
280,2,3.8308735597243007,3.5
280,3,3.7368599700428113,4.0
280,4,3.494413253228325,3.5
280,5,3.8127125429899,4.0
280,6,3.6155920160213033,3.0
280,7,3.7319282273536447,3.5
280,8,3.7019940977982704,4.0
280,9,3.8015479542752644,
280,10,3.343262698097737,3.0
280,11,3.485906366353886,3.5
280,12,3.345019570444638,3.0
280,13,3.1497753872361542,3.5
280,14,3.540094874531778,3.5
280,15,3.6801018246435975,
280,16,3.277523556094223,
280,17,3.87853411421656,4.0
280,18,3.3530240808713168,
280,19,3.3534681073817754,2.5
280,20,3.3516879498523013,3.5
280,21,3.9261900629255324,4.5
280,22,3.4253109676241955,4.0
280,23,3.414883008051632,3.0
280,24,3.127472180468179,3.0
280,25,2.956127517313133,2.5
280,26,3.1722251981932654,3.5
280,27,3.719692626589924,3.5
280,28,3.842598163440001,3.0
280,29,3.4547574084578794,3.0
280,30,3.8163176067303493,3.5
280,31,3.1081310995231015,3.0
280,32,2.733522030185936,2.0
280,33,3.7799441564539045,
280,34,3.100104313415942,2.5
280,35,3.530123578870113,
280,36,3.3471495662920145,3.5
280,37,3.035860153306081,3.0
280,38,2.897129136063776,3.0
280,39,2.8025578852258612,
280,40,3.6063129177502837,4.0
280,41,3.240093627966167,3.0
280,42,3.066730384781119,3.0
280,43,3.662766964904485,4.0
280,44,3.52801888144508,2.5
280,45,3.635939956261472,4.0
280,46,2.5609847280958022,3.5
280,47,3.3408887903667215,
280,48,3.276660419386423,3.0
280,49,3.045682975366454,3.0
280,50,2.8675100012857384,
280,51,3.2432348347701647,3.5
280,52,2.7991752020708396,3.0
280,53,3.6000154416023142,3.0
280,54,3.294439762899813,2.5
280,55,3.157071389104909,3.0
280,56,3.738213429429738,3.5
280,57,3.2182127791604813,3.5
280,58,3.6598997426667044,3.5
280,59,3.760693869041354,
280,60,3.603596646841245,4.0
280,61,3.472888619076305,3.0
280,62,3.735257440053969,3.5
280,63,3.81114923949323,4.0
280,64,2.6512564174411968,3.0
280,65,3.1727509123453195,3.5
280,66,3.0150219041721025,3.5
280,67,3.4946350427466513,3.5
280,68,3.139667076968743,
280,69,3.069767097966178,3.5
280,70,3.020086586136125,
280,71,3.0867568328649044,
280,72,3.4685497104616347,2.5
280,73,2.6007978930535343,4.0
280,74,3.1023717898931817,
280,75,3.436325333217945,3.0
280,76,3.5112197509538565,3.0
280,77,2.927933484881784,3.5
280,78,3.6350202840704666,3.0
280,79,3.493146481713128,3.5
280,80,3.246461943505351,3.0
280,81,3.3038544591034835,3.5
280,82,3.260656083106614,4.0
280,83,3.6508272413901866,
280,84,2.851312020075594,3.0
280,85,2.9419023346568927,3.0
280,86,3.020297106773823,3.0
280,87,3.369363521451777,
280,88,3.266118252597926,3.5
280,89,3.382889799830849,3.0
280,90,3.4153502264215447,3.5
280,91,3.0676546101916813,3.5
280,92,2.7764299894646687,3.5
280,93,3.4414306897715803,3.5
280,94,2.7430882583282368,3.0
280,95,2.6514478173962623,
280,96,3.565721296095013,
280,97,3.119333969722484,2.5
280,98,3.086332733117114,
280,99,3.4078306943686867,4.0
280,100,2.9646281798039813,3.5
280,101,3.551578168761897,3.5
280,102,3.277543745549418,3.0
280,103,2.8865755235064063,2.5
280,104,3.3373830674966425,3.0
280,105,3.004306724348137,
280,106,2.907080999985531,
280,107,3.203688634881063,3.0
280,108,3.336379022899725,3.0
280,109,3.222231977337062,3.0
280,110,2.6685112672285487,3.0
280,111,3.1992045688170254,
280,112,3.1700848650907796,2.5
280,113,3.407914239640293,4.0
280,114,3.433693036934798,4.0
280,115,3.2105928200553033,
280,116,3.275774928523115,3.0
280,117,3.2216487606841033,
280,118,2.867363399746248,2.5
280,119,3.5416953860708515,4.0
280,120,2.932023116407031,3.0
280,121,3.5614766295284497,4.0
280,122,3.1807463210789866,3.0
280,123,3.241655648227672,
280,124,3.127167493481434,3.0
280,125,2.9418632623886225,3.0
280,126,3.5155582267468177,3.5
280,127,2.7073494107527214,3.0
280,128,2.936162428782144,3.0
280,129,2.771606813731435,2.5
280,130,3.274193798146903,3.0
280,131,3.52715502554856,3.5
280,132,3.4950901097889835,3.5
280,133,3.1427852030518193,3.5
280,134,3.043921802871263,3.5
280,135,3.1135433105091175,3.5
280,136,3.086451395286425,3.0
280,137,3.1431964053786716,3.0
280,138,3.4171499738150515,3.5
280,139,3.183776337979678,3.5
280,140,3.180846050246421,3.0
280,141,2.7713398388757535,2.5
280,142,3.4320365833023185,4.0
280,143,2.238967031787353,3.0
280,144,3.2274817783268563,3.0
280,145,3.1611099432851457,
280,146,3.4177038360167438,
280,147,3.304500634345971,
280,148,3.1034841735937535,
280,149,3.1520276367423357,
280,150,3.2414960668704182,
280,151,3.505696618456654,
280,152,3.2047790284911892,2.5
280,153,2.9387277279083817,
280,154,2.783407970727208,2.5
280,155,3.477668376021634,3.0
280,156,3.0312110953138403,3.0
280,157,3.075299934278374,3.5
280,158,3.262384435112644,
280,159,3.143357830068367,
280,160,3.242558597754125,3.5
280,161,3.2231833638707448,3.5
280,162,3.2199791456110853,3.5
280,163,3.1351157692179923,3.0
280,164,3.110220930818235,3.0
280,165,3.6481564031772034,
280,166,3.2387971826196527,3.5
280,167,3.0808366467780397,
280,168,3.1744238618198795,
280,169,3.146662909475439,3.0
280,170,3.0713471284209923,
280,171,3.297854581158939,3.0
280,172,2.958093584599501,3.0
280,173,2.38268959358205,3.0
280,174,3.3611787431074216,
280,175,3.208532710522352,3.0
280,176,3.1587625263728656,3.0
280,177,2.3506672088908505,2.5
280,178,2.967634945326834,3.0
280,179,3.4590564283374596,3.0
280,180,3.3022568657758233,2.5
280,181,2.6710376673534513,3.0
280,182,3.2599586897986867,3.0
280,183,3.1055863630923417,3.0
280,184,3.206394271003353,2.5
280,185,2.8669929659095286,3.0
280,186,3.029167283118367,3.0
280,187,3.407313284309529,
280,188,3.356715877266877,
280,189,2.7225355359728716,
280,190,3.0762190273474315,
280,191,3.558617889074974,3.0
280,192,3.0006814959235357,
280,193,3.361400438306858,3.0
280,194,2.9433522590529737,
280,195,3.4569068058152053,3.5
280,196,3.6617015587999306,3.0
280,197,3.1759419007179193,3.5
280,198,2.933072844471573,
280,199,3.2324368064107385,3.0
193,0,4.978961045475537,5.0
193,1,4.108590497759753,
193,2,4.754835425490978,5.0
193,3,4.809944906309394,
193,4,4.101106985351089,
193,5,4.851854325092901,5.0
193,6,4.25938296368167,4.5
193,7,4.5131824067523745,5.0
193,8,4.6530271747597185,4.5
193,9,4.710356790528631,
193,10,4.487460348424062,5.0
193,11,4.2129805871757595,4.0
193,12,4.2488788184326625,4.0
193,13,3.294736585087331,3.5
193,14,4.702943266218254,5.0
193,15,4.499317870430465,4.5
193,16,4.151927129198942,4.0
193,17,4.955082402741989,5.0
193,18,4.576658392572585,5.0
193,19,4.491096361836779,
193,20,3.9521926424691594,3.5
193,21,5.0,
193,22,4.7508267342756705,
193,23,4.6030882420410935,5.0
193,24,3.6021146246991935,
193,25,4.010531122580055,4.5
193,26,3.664610470564552,
193,27,4.524030264477437,4.5
193,28,5.0,5.0
193,29,4.6573961023889865,5.0
193,30,4.369565552553646,4.0
193,31,4.036888536296415,4.0
193,32,3.345023449609087,
193,33,4.856734361090648,5.0
193,34,3.5055697678360547,
193,35,4.3675112072264985,5.0
193,36,3.805118853100134,4.0
193,37,4.00181253085951,
193,38,3.163604312190495,3.0
193,39,3.4121888381912457,4.0
193,40,4.778256841262202,5.0
193,41,3.7648654295002792,3.5
193,42,3.256978123862094,2.0
193,43,4.586601093641364,5.0
193,44,4.68172136809145,
193,45,3.854760151577342,4.0
193,46,2.8859663309969537,3.0
193,47,4.151036939991648,4.5
193,48,4.547807436998334,5.0
193,49,3.041028680584972,3.0
193,50,4.077969788525078,4.0
193,51,3.521721285708386,
193,52,3.5023063717191993,3.5
193,53,4.523924158554346,4.0
193,54,4.2934591423186905,4.0
193,55,3.5126685181671924,2.0
193,56,4.745355152558558,5.0
193,57,3.651698600299886,4.0
193,58,4.399943319812297,4.0
193,59,4.98881117598031,5.0
193,60,4.869782149283982,
193,61,4.778379449651273,4.5
193,62,4.555278363016725,4.5
193,63,4.83293978938201,5.0
193,64,3.0756253081910168,3.5
193,65,3.5104980408589626,4.0
193,66,3.1998672753020077,3.0
193,67,4.369238530014229,
193,68,3.68663568170314,4.0
193,69,3.418636306906036,3.0
193,70,3.2207467921076995,2.5
193,71,4.2524931863971425,4.5
193,72,4.318163763347181,4.0
193,73,2.8422245318703165,2.0
193,74,3.7758944619472903,
193,75,3.8839820862387917,4.0
193,76,4.691813452462279,
193,77,3.698668017058789,4.0
193,78,5.0,5.0
193,79,4.7254044947180125,5.0
193,80,4.525507923586338,4.0
193,81,3.941862696142261,
193,82,4.683322514605188,4.5
193,83,4.953763746857394,5.0
193,84,3.2905348191961137,3.0
193,85,3.8161819785247117,3.0
193,86,3.216341038713151,
193,87,4.562365748288593,
193,88,3.488371340444253,3.0
193,89,4.117691655704933,4.0
193,90,4.703354038047491,5.0
193,91,4.361156189162431,4.5
193,92,3.019257811247764,3.0
193,93,4.704007493521002,5.0
193,94,3.476797420871036,4.0
193,95,2.729350860516323,3.0
193,96,3.980650588542672,4.0
193,97,4.0849826467999275,4.0
193,98,4.075011235441352,
193,99,4.747444613482814,5.0
193,100,4.249651425463896,4.5
193,101,4.9801492632405635,
193,102,4.579741488930943,4.0
193,103,3.945382968873491,4.0
193,104,4.285711783237624,4.0
193,105,4.048061583431952,4.0
193,106,4.232694724141491,4.0
193,107,4.469650274091342,4.0
193,108,4.078472181203615,4.5
193,109,3.7873362540537094,
193,110,3.8054238202452235,4.0
193,111,4.43410186793871,5.0
193,112,4.434979968332727,4.5
193,113,4.523826611093793,4.5
193,114,4.636513905965609,5.0
193,115,4.0415471474552795,4.0
193,116,4.3286235961191855,4.5
193,117,4.326298653598253,4.0
193,118,3.453812850783179,
193,119,4.851967039222509,5.0
193,120,3.3475611295243257,3.0
193,121,4.8083568574278726,5.0
193,122,4.418386983704372,
193,123,4.6227655832245,4.5
193,124,3.72558139018557,4.0
193,125,3.29547186972558,
193,126,4.662228744136823,5.0
193,127,3.080405908242532,3.0
193,128,3.826281553114491,4.0
193,129,3.5243545520561144,
193,130,3.9087480147395057,4.0
193,131,4.728676762299032,4.0
193,132,3.855683899793522,
193,133,4.379473810137451,4.5
193,134,4.157992876435704,4.5
193,135,4.060844140670227,4.0
193,136,4.0225558669528825,
193,137,4.22536435311721,4.0
193,138,4.133181025284606,4.0
193,139,3.922252323027908,4.0
193,140,4.040580643335144,4.0
193,141,2.9428605604337355,4.0
193,142,4.055864969148733,
193,143,2.581479919683027,3.0
193,144,4.326376610162549,4.0
193,145,4.443205394730038,4.5
193,146,3.9245408299264897,4.5
193,147,4.397819760103387,4.0
193,148,4.0414437552259175,
193,149,4.2355971458755475,4.0
193,150,4.533542758546856,4.0
193,151,4.75069294249247,5.0
193,152,3.929359839498148,4.0
193,153,4.197181097619774,4.5
193,154,4.142381648476563,4.0
193,155,4.655132473190333,4.5
193,156,3.304120040299412,3.0
193,157,4.182752028906213,4.5
193,158,4.122776301915137,4.0
193,159,4.104048962434021,4.0
193,160,4.614762253289716,
193,161,3.5808491962949955,
193,162,4.1173694534289,4.5
193,163,3.3428200889311124,
193,164,4.3379058904479875,4.0
193,165,4.912900139917527,
193,166,3.817207752925763,4.0
193,167,3.8498430103691983,4.0
193,168,4.407094989650014,4.0
193,169,3.6979585942027566,4.0
193,170,3.552344908210925,4.0
193,171,3.775583066865088,
193,172,3.6897812195050474,
193,173,3.4534609313563287,3.5
193,174,3.7769586053414557,4.0
193,175,4.31898157255802,
193,176,4.031639946582767,4.0
193,177,3.159754386435655,3.5
193,178,4.300470814306901,4.0
193,179,4.3941119360294945,4.5
193,180,4.3836886568447,4.0
193,181,3.2840745003581295,
193,182,4.002207572384345,3.5
193,183,3.78582028389032,4.0
193,184,4.298357136672042,4.5
193,185,3.0581608954257753,3.5
193,186,3.756373643508713,4.0
193,187,3.959483211693802,4.0
193,188,4.086273792835559,4.0
193,189,3.7125050074222945,3.0
193,190,4.095440099283319,4.0
193,191,4.777994469403337,5.0
193,192,4.168091369361592,4.0
193,193,4.068739790945083,
193,194,4.176280173411008,4.0
193,195,4.159198271020235,4.0
193,196,4.8376655416328145,5.0
193,197,4.263381089210048,4.0
193,198,3.9860721046050176,4.0
193,199,3.79000935780054,4.0
352,0,4.258583841124575,5.0
352,1,4.224749446993352,
352,2,4.741069787475167,4.0
352,3,4.198076113458907,4.0
352,4,4.02519015476957,
352,5,4.0750717908475185,5.0
352,6,4.224872161981775,4.0
352,7,4.343802284293375,3.0
352,8,4.050618396636725,2.0
352,9,4.530165507543113,5.0
352,10,3.595028100178071,4.0
352,11,4.340223848574213,4.0
352,12,3.989561451291644,
352,13,3.5803437532020936,4.0
352,14,4.437706189051658,4.0
352,15,4.192587904826555,4.0
352,16,3.8126382969818557,5.0
352,17,4.284107003136981,4.0
352,18,4.36052706321654,5.0
352,19,3.7562649886659845,4.0
352,20,4.075668957518444,4.0
352,21,4.198937819823817,4.0
352,22,4.12286139473576,5.0
352,23,3.641021768220278,4.0
352,24,3.790951589137239,4.0
352,25,3.7259040575653755,
352,26,3.8063338354233522,
352,27,4.365953547954168,
352,28,4.674814087614318,5.0
352,29,3.7746593861936284,4.0
352,30,4.217233743759534,5.0
352,31,3.821611633646993,
352,32,3.4633060110840037,
352,33,3.667103948952767,
352,34,3.826340983339505,4.0
352,35,4.300146387636493,3.0
352,36,3.770838285370839,
352,37,3.4435534225128164,
352,38,3.597142484731035,3.5
352,39,3.2743150182472247,4.0
352,40,4.096285479254183,2.0
352,41,3.8481667684518968,3.0
352,42,3.707114719222124,3.5
352,43,3.991254884096545,
352,44,3.5196067086609704,3.0
352,45,3.9048681635225972,
352,46,3.0777503392455956,4.0
352,47,3.870876867610062,5.0
352,48,3.4934328477227674,3.0
352,49,3.5083743242881744,1.0
352,50,3.5583043219652053,
352,51,3.654060257203289,4.0
352,52,3.6184578321949834,
352,53,3.7871666074431913,
352,54,3.990607184635201,3.0
352,55,3.625185363904509,4.0
352,56,3.9279287176914885,
352,57,3.861005398756454,4.0
352,58,4.303398113808682,5.0
352,59,3.562154606031386,2.0
352,60,3.634027380949213,
352,61,3.9472062583397816,3.0
352,62,4.277397020056137,4.0
352,63,4.157561811623288,5.0
352,64,3.079002161775307,4.0
352,65,3.7828062900134447,4.0
352,66,3.738812959455964,3.0
352,67,4.213953679648192,3.0
352,68,3.716503901507485,4.0
352,69,3.691152447171836,3.0
352,70,3.526238426427928,4.0
352,71,3.3647838738917666,3.0
352,72,4.311327388213886,4.0
352,73,2.9131446780500734,4.0
352,74,3.652579155808268,4.5
352,75,3.7601184614262153,4.0
352,76,3.947892441552269,
352,77,3.620620885664606,4.0
352,78,4.384981490410886,5.0
352,79,3.8271319641049732,2.0
352,80,3.6929822616738974,
352,81,3.7415820146162866,4.0
352,82,4.281369308837104,3.0
352,83,4.009471718708495,5.0
352,84,3.50354910497036,3.0
352,85,3.753318889176219,
352,86,3.481811982035943,4.0
352,87,3.7776687854281024,3.0
352,88,3.687915867723248,4.0
352,89,3.9988782282429565,3.5
352,90,3.8604705360171345,
352,91,3.726312052800441,4.0
352,92,3.112564786433405,3.0
352,93,3.598101818288251,4.0
352,94,3.2980651672998818,4.0
352,95,3.152224052667365,
352,96,4.194844785728529,
352,97,3.8492799346740996,
352,98,3.819234092102522,3.0
352,99,3.937182790500767,3.0
352,100,3.7861236962448896,3.5
352,101,4.249430453888216,5.0
352,102,3.742241607502216,
352,103,3.7388237379094105,5.0
352,104,3.950930145419832,3.0
352,105,3.7122894405454847,3.0
352,106,4.001657315402724,5.0
352,107,3.5815022905886025,
352,108,3.9333319800209425,3.0
352,109,3.9068440658570647,4.0
352,110,3.068322058138053,
352,111,3.8376932864743543,
352,112,3.637395360624208,
352,113,3.931954716564198,3.0
352,114,3.413536876691659,2.0
352,115,3.6206850938738397,3.0
352,116,3.786684874759482,4.0
352,117,3.997818770409426,4.0
352,118,3.719159270979896,5.0
352,119,3.9879535896007416,
352,120,3.5943749452511287,3.5
352,121,3.87289907588222,3.0
352,122,3.520413879478296,4.0
352,123,3.864210404772596,
352,124,3.7410799301515976,5.0
352,125,3.5071219693653006,4.0
352,126,3.8797558107948658,5.0
352,127,3.0298477250462232,
352,128,3.666804122725075,2.5
352,129,3.32769647621986,2.5
352,130,4.1000713406093965,4.5
352,131,3.7865560846548734,
352,132,4.265014455820563,5.0
352,133,3.643561964197008,
352,134,3.5658023865918693,3.0
352,135,3.9321722755223085,
352,136,3.635882079589947,
352,137,3.49143528540655,2.5
352,138,4.181049395613681,4.0
352,139,3.9337416324634913,4.0
352,140,4.199965966425968,3.0
352,141,3.0366800746004765,
352,142,4.238195489396312,5.0
352,143,2.6884590041971714,3.0
352,144,3.6070083111267617,3.0
352,145,3.905540829115269,
352,146,3.811584483020815,4.0
352,147,3.4571883353332216,2.0
352,148,4.116118356195371,
352,149,3.844153240625667,4.5
352,150,3.279182146494922,
352,151,3.902510448149001,4.0
352,152,3.966350446656122,4.0
352,153,3.371018515847424,
352,154,3.1983566245794472,2.0
352,155,4.0595338917740005,
352,156,3.741485520379287,5.0
352,157,3.747165778042741,
352,158,3.8196015391850278,3.0
352,159,3.1948531266705733,3.0
352,160,3.62659820275063,
352,161,3.598198312727567,4.0
352,162,3.580042760196086,
352,163,3.7146073817479963,3.0
352,164,3.8068277084174715,1.0
352,165,4.062602878227211,3.0
352,166,4.083960249617767,
352,167,3.7199790520680325,4.0
352,168,3.6715613599833032,1.5
352,169,3.4955282583868623,5.0
352,170,3.674004505446326,4.0
352,171,3.6808819425987003,
352,172,3.5104548401979527,4.0
352,173,2.8617408294563127,1.0
352,174,3.791989391828951,4.0
352,175,3.4823518466051295,3.0
352,176,3.8879613242613207,4.0
352,177,3.355618449867045,4.0
352,178,3.438730600499868,3.5
352,179,4.020012606590679,4.5
352,180,3.6970133192223926,
352,181,3.0271482856417107,2.0
352,182,3.730048640107072,3.0
352,183,3.5314873460860476,4.0
352,184,4.007605643763757,4.0
352,185,3.278399476195196,2.0
352,186,3.772715018152149,4.0
352,187,4.271005667156523,
352,188,3.934636504917396,4.0
352,189,3.569054439765649,3.0
352,190,3.640189540952916,4.0
352,191,3.996417452659772,4.5
352,192,3.556752347027001,2.0
352,193,3.939967398724161,4.0
352,194,3.324425127359061,2.0
352,195,4.053131037755493,3.0
352,196,3.9059036354088064,
352,197,3.6270293747075812,
352,198,3.4217679021766747,4.0
352,199,3.797762704362511,
54,0,4.693270872211402,5.0
54,1,4.333774055055116,3.0
54,2,4.921491531361227,3.0
54,3,4.4552323982913995,5.0
54,4,3.9686951814135143,
54,5,4.455537617542108,5.0
54,6,4.255456659516935,4.0
54,7,4.227196385037024,4.0
54,8,4.3867676066858605,4.0
54,9,4.930293323952164,5.0
54,10,4.48039239852235,
54,11,4.277565762285541,4.0
54,12,4.467307101070839,5.0
54,13,3.3305687605433536,4.0
54,14,4.676052189452149,5.0
54,15,3.9414480584728784,
54,16,3.709580048352437,3.0
54,17,4.404469188880906,
54,18,4.746331273336926,
54,19,4.4430746309034035,4.0
54,20,4.086140989641188,5.0
54,21,4.5415192362866525,5.0
54,22,4.815226298871668,5.0
54,23,4.431044615087121,4.0
54,24,3.5040137767842467,3.0
54,25,4.131453522109503,4.0
54,26,3.897588853161936,4.0
54,27,4.273586558857064,4.0
54,28,4.978758189672501,5.0
54,29,4.503520968447004,
54,30,4.620365359595687,5.0
54,31,4.059136803581117,
54,32,2.9140403452610752,
54,33,4.3365094515045985,5.0
54,34,3.6725215333183256,4.0
54,35,4.513482530896476,5.0
54,36,3.719873743957593,
54,37,4.5245467121156135,
54,38,3.5639424421252346,3.0
54,39,3.5555268171420056,5.0
54,40,4.482590799513472,
54,41,3.4652702376587046,4.0
54,42,3.577590337037092,
54,43,3.995248522452369,4.0
54,44,4.159752085473384,5.0
54,45,4.066391112913327,5.0
54,46,2.8667635196724923,2.0
54,47,4.482871314823249,5.0
54,48,4.251594549469785,3.0
54,49,3.1717934756016044,3.0
54,50,4.519772042087353,
54,51,3.7816271753714568,3.0
54,52,3.216608957619177,3.0
54,53,4.783265846920343,5.0
54,54,4.1957866950141955,4.0
54,55,3.4048525798346008,3.0
54,56,4.655021392997991,
54,57,3.810267484838568,4.0
54,58,4.246528520929753,4.0
54,59,4.4180207275235235,4.0
54,60,4.3635518769885495,3.0
54,61,4.893803488732439,5.0
54,62,4.232223085502316,3.0
54,63,4.831871740118129,
54,64,3.114819686542808,4.0
54,65,4.002120597949595,4.0
54,66,3.658902004431822,3.0
54,67,3.9327029481137377,3.0
54,68,3.602893251898772,4.0
54,69,4.015851299064373,4.0
54,70,3.3216457838817783,3.0
54,71,3.701163344740273,3.0
54,72,4.365631787999169,4.0
54,73,2.8827995946534144,2.0
54,74,4.321974643844618,5.0
54,75,3.6243783720465763,4.0
54,76,4.369873606893502,5.0
54,77,3.5572938343385054,
54,78,4.693907200009316,5.0
54,79,4.09910094278254,4.0
54,80,4.577084767461735,5.0
54,81,3.7298398849427663,3.0
54,82,4.9607830555976165,5.0
54,83,4.569837534058981,
54,84,3.4204108691081725,
54,85,4.317134428156265,
54,86,3.4711195948643874,4.0
54,87,4.022505085734373,
54,88,3.977734268951566,4.0
54,89,4.089926474306895,
54,90,4.282726597580727,5.0
54,91,4.530620260329452,
54,92,2.898106357358267,4.0
54,93,4.443179384901163,5.0
54,94,3.069570309552034,2.0
54,95,2.98486727179949,
54,96,4.258240189260548,5.0
54,97,3.733076945020464,2.0
54,98,4.582354349155692,
54,99,4.62718153679832,
54,100,4.3819229698005655,5.0
54,101,4.977052126150723,5.0
54,102,4.539787127569657,5.0
54,103,4.364869835660536,4.0
54,104,4.350186503020951,4.0
54,105,4.074239678419591,4.0
54,106,3.8520134685194205,
54,107,3.9659866952809253,
54,108,4.354237253811162,
54,109,4.053507981466134,4.0
54,110,3.499190468289216,5.0
54,111,4.4208812535881155,5.0
54,112,4.637228254050542,
54,113,4.757382695497345,
54,114,4.137087761027192,2.0
54,115,4.004912591819393,
54,116,3.796730607744795,3.0
54,117,4.403843276285426,4.0
54,118,3.275126458793465,
54,119,4.658137151558462,
54,120,3.7562600686432694,5.0
54,121,4.53864959621033,4.0
54,122,4.644227902126916,
54,123,4.711669832887274,
54,124,4.010935090990015,5.0
54,125,3.453177529785529,3.0
54,126,4.557251504734494,
54,127,3.0769225144708052,
54,128,3.3669597646676266,
54,129,3.793047243395551,4.0
54,130,4.215893989478977,5.0
54,131,4.51227141618158,
54,132,4.410987715851908,5.0
54,133,3.9553051287170997,
54,134,3.984091259201822,
54,135,4.208842333475798,5.0
54,136,4.524294099750166,5.0
54,137,3.8121653941902425,4.0
54,138,4.21690151088716,4.0
54,139,3.537330852709394,3.0
54,140,4.073742295746053,4.0
54,141,2.864177477348146,2.0
54,142,4.110012470589921,4.0
54,143,2.4204538520881167,
54,144,4.642677403020914,5.0
54,145,4.271666945207211,4.0
54,146,3.547801785736502,4.0
54,147,3.9505296815314055,1.0
54,148,4.694794473676032,
54,149,4.609199169767193,5.0
54,150,4.152397317418816,3.0
54,151,4.7480288042821,5.0
54,152,4.103577784513417,4.0
54,153,4.132268694278318,
54,154,4.26054872412916,
54,155,4.222729828351858,
54,156,3.6954324972779258,3.0
54,157,3.701433851240967,
54,158,3.9436954016307983,
54,159,3.6285120141616103,4.0
54,160,4.447241933942833,
54,161,3.883692482609496,
54,162,3.6854132504996144,
54,163,3.299295654955618,4.0
54,164,4.23053871622004,4.0
54,165,4.61442323010771,5.0
54,166,4.258919992827225,5.0
54,167,4.314164917088021,4.0
54,168,4.228676752548995,4.0
54,169,3.427397950286365,3.0
54,170,3.841132454210218,3.0
54,171,3.539916156012084,3.0
54,172,4.08357791338504,
54,173,3.6762478326918666,4.0
54,174,4.208589505457818,3.0
54,175,4.061228553771507,4.0
54,176,4.190463327783143,5.0
54,177,2.9990289585274588,4.0
54,178,4.184710315295158,4.0
54,179,4.025278926862158,
54,180,3.9033311462411735,
54,181,3.4618727675532686,3.0
54,182,3.9223947288240626,3.0
54,183,3.717028505691505,4.0
54,184,4.892193919926474,5.0
54,185,3.0385239674842586,2.0
54,186,4.115917281077416,4.0
54,187,4.344444900499353,5.0
54,188,4.2320375995052135,
54,189,3.2557679139681315,
54,190,4.553373032479676,
54,191,4.680718167333322,
54,192,4.402550847604401,5.0
54,193,3.8942948879078725,4.0
54,194,4.007751677406272,4.0
54,195,3.948315024108703,4.0
54,196,4.838078966399258,4.0
54,197,4.453290123530468,3.0
54,198,3.8738518965247213,
54,199,4.050226411177031,5.0
603,0,4.639230787491994,5.0
603,1,4.4209808162355415,4.5
603,2,4.95686287535966,5.0
603,3,4.4908068662119875,4.5
603,4,3.9893235422053652,3.0
603,5,4.531767247587945,5.0
603,6,4.284345170055489,5.0
603,7,4.17319984002146,4.0
603,8,4.676133153773547,5.0
603,9,4.6016430348408495,5.0
603,10,4.150446922606902,4.0
603,11,4.099671544857614,4.0
603,12,4.159971069024321,4.0
603,13,3.6115953646361123,
603,14,4.732818841832662,5.0
603,15,4.24138629337155,5.0
603,16,3.945344701395033,3.5
603,17,4.598432583676979,5.0
603,18,4.563911584995491,4.5
603,19,4.270780169476075,3.5
603,20,4.152323475670214,4.0
603,21,4.751403559550912,4.0
603,22,4.287219365616774,4.0
603,23,4.479872018923689,
603,24,3.7500780368445517,
603,25,3.966347618380644,3.0
603,26,3.694239631987786,5.0
603,27,4.265347197960654,4.5
603,28,4.7458567983377105,4.5
603,29,4.549365245070218,4.5
603,30,4.636515972624638,
603,31,4.004203168056494,3.0
603,32,3.33661314746581,3.5
603,33,4.551774570530149,5.0
603,34,3.738120154665035,4.5
603,35,4.436424160525897,4.0
603,36,3.8105285802498106,3.5
603,37,3.9866672450386127,3.5
603,38,3.3054605637814616,3.5
603,39,3.5307294199751063,
603,40,4.573002939087004,5.0
603,41,3.761260703573564,4.0
603,42,3.6492248985291487,
603,43,4.163336316212374,3.5
603,44,4.40027909232001,
603,45,4.21765705237278,
603,46,2.854154220815386,3.5
603,47,4.0684278478340925,3.5
603,48,4.390328371934838,
603,49,3.3131979616959173,2.5
603,50,3.8796459792539557,4.5
603,51,3.664199419641641,4.0
603,52,3.570006822648267,3.5
603,53,4.3558932906968995,4.0
603,54,4.006537899118606,5.0
603,55,3.3165613622856713,3.0
603,56,4.661498504593094,5.0
603,57,3.9693926773984733,
603,58,4.271839922602086,4.5
603,59,4.374887422410533,
603,60,4.144090236036213,
603,61,4.374231062426194,
603,62,4.361899743691599,
603,63,4.481416852281193,
603,64,3.23259903438948,3.5
603,65,3.798861151121806,3.5
603,66,3.8013897794968803,4.0
603,67,4.0563359302702064,3.5
603,68,3.7072169596467393,
603,69,3.8069589503499532,
603,70,3.370155946591472,3.5
603,71,3.8360412739652703,
603,72,4.483197275804564,5.0
603,73,2.987902985373763,3.0
603,74,4.11729252019799,4.5
603,75,3.6682007522400317,3.5
603,76,4.343418068845379,5.0
603,77,3.6962991025310012,
603,78,4.537710977380165,
603,79,3.9513899242298454,
603,80,4.084979194666236,3.5
603,81,4.024607190675498,
603,82,4.419306057055929,4.0
603,83,4.445901293159714,3.5
603,84,3.2871534015612953,
603,85,3.923379345737427,
603,86,3.5645911856682444,3.5
603,87,4.240944428918862,3.0
603,88,3.8642625781416817,3.5
603,89,4.2536437592022835,5.0
603,90,4.201829282135089,
603,91,4.211535658835713,4.0
603,92,3.2302078344000655,
603,93,4.308543057081825,4.5
603,94,3.736052080520512,3.5
603,95,3.027107205342696,
603,96,4.34258248508027,
603,97,4.145765913904996,4.5
603,98,4.060797276946941,4.5
603,99,4.221206437968766,
603,100,3.9767428850564923,5.0
603,101,4.44959080217324,
603,102,4.446414516498314,3.5
603,103,3.9301100092968575,4.5
603,104,4.254253470529765,4.5
603,105,4.351630739206056,3.5
603,106,4.239410728889927,5.0
603,107,4.160775978159453,
603,108,4.031789274338768,2.5
603,109,4.021563216968313,4.0
603,110,3.582839987077422,4.5
603,111,4.103184370802551,4.0
603,112,4.155595723399138,
603,113,4.37299618565448,4.0
603,114,4.304185572577147,4.0
603,115,4.069197532922321,
603,116,4.259788644555105,5.0
603,117,4.477837465581509,3.5
603,118,3.8718169246783765,4.5
603,119,4.2620272752512784,
603,120,3.603111736947762,4.5
603,121,4.400009261154063,
603,122,4.188569920731972,
603,123,4.377570658365892,5.0
603,124,4.101418440414136,4.0
603,125,3.3581364744294295,2.0
603,126,4.0374053604884,
603,127,3.24535269420898,3.5
603,128,4.073159829339669,3.5
603,129,3.820016850449605,4.5
603,130,4.382948129786214,
603,131,4.343722527497341,4.5
603,132,4.329572343774163,5.0
603,133,4.290698774614489,4.0
603,134,3.693413727276054,
603,135,4.157817059067977,5.0
603,136,3.8448025473001772,3.0
603,137,3.7323076804235953,
603,138,4.1940442974874195,4.5
603,139,3.9916991877716663,3.5
603,140,4.361011073564314,3.5
603,141,3.1352695322806827,
603,142,4.17194458758104,
603,143,2.698814590624002,3.5
603,144,4.0660599142835645,4.0
603,145,4.11314805278923,
603,146,3.8575186657496827,2.5
603,147,4.307918120681893,
603,148,4.291023830931983,4.0
603,149,4.2132390215310584,3.5
603,150,4.045720442552637,4.0
603,151,4.231288502190726,
603,152,4.161356153198996,
603,153,4.153883628228954,
603,154,3.9774448697234814,4.0
603,155,4.8074880635119275,
603,156,3.678846177031786,4.0
603,157,4.527041795576274,5.0
603,158,4.254165414631203,4.5
603,159,3.851025639053264,3.5
603,160,4.260377285533985,5.0
603,161,3.5247475165311903,
603,162,4.103507691695128,4.5
603,163,3.445313767184703,
603,164,4.29185601770615,
603,165,4.395911704413056,
603,166,4.129836146496478,4.0
603,167,4.184729445715496,4.0
603,168,4.034349016601333,
603,169,3.3373599066163258,3.5
603,170,3.7616540537894374,4.0
603,171,3.6849236925037454,
603,172,3.7491889203516386,4.5
603,173,3.330723653754821,
603,174,3.878808595804595,4.0
603,175,4.1989542665786885,4.5
603,176,3.945684052281306,3.5
603,177,3.1896270564874416,3.5
603,178,4.260481027070124,4.0
603,179,4.555598999221012,4.5
603,180,4.362255295540931,4.0
603,181,3.42891406100859,3.5
603,182,3.897807230182103,3.0
603,183,3.5358091000399163,4.0
603,184,4.249189239702248,
603,185,3.113593626128577,
603,186,3.883714798474535,
603,187,4.26314872873543,
603,188,4.151225344607316,
603,189,3.857865463542859,3.5
603,190,3.892508328553894,
603,191,4.10223031100515,
603,192,3.8867439693721497,
603,193,3.92691542510028,4.0
603,194,4.087475245016709,5.0
603,195,3.911463752620182,3.5
603,196,4.410635504920627,
603,197,3.9702899282463924,4.0
603,198,4.114608189137198,5.0
603,199,3.9208284284849673,3.5
97,0,4.7587492830379965,5.0
97,1,4.137456480639015,5.0
97,2,4.716215965003599,
97,3,4.474628243829539,5.0
97,4,3.9931374170356326,4.0
97,5,4.590704699549365,5.0
97,6,3.8306971264836873,4.0
97,7,4.045220666430986,4.0
97,8,4.406923935520375,3.0
97,9,4.506510148626285,4.0
97,10,4.226291931206284,4.0
97,11,3.7874539954685464,4.0
97,12,4.151397451418529,4.0
97,13,2.9231800158221892,4.0
97,14,4.568893980123377,5.0
97,15,4.220001725138033,4.0
97,16,3.5017262742060904,
97,17,4.7264597852877905,5.0
97,18,4.352574373319089,5.0
97,19,4.030877787257034,4.0
97,20,3.575597323565416,
97,21,4.810621330892541,5.0
97,22,4.262060455114435,5.0
97,23,4.352860448606371,4.0
97,24,3.3623946228602413,2.0
97,25,3.7692338207872593,4.0
97,26,3.325927578739703,4.0
97,27,4.324533661083054,4.0
97,28,4.709255443784882,5.0
97,29,4.346174623331371,4.0
97,30,4.496736241249823,4.0
97,31,3.816012847470069,4.0
97,32,3.0385285748995816,2.0
97,33,4.372040716666808,
97,34,3.127906924783222,2.0
97,35,4.148260293446394,4.0
97,36,3.7362113004747433,3.0
97,37,3.7009225947593634,3.0
97,38,3.038561038698218,4.0
97,39,3.218124643686449,4.0
97,40,4.324512685517138,
97,41,3.2242670445159036,3.0
97,42,3.2008543183137506,2.0
97,43,4.21238940178249,
97,44,4.496964357900794,4.0
97,45,3.741034280391112,
97,46,2.64283762487574,
97,47,3.990351565950415,5.0
97,48,4.476285755548524,4.0
97,49,3.127222701993886,3.0
97,50,3.6736727608940454,4.0
97,51,3.4276993753166227,4.0
97,52,2.9625472533181174,
97,53,4.320890124769521,4.0
97,54,4.140573319339292,4.0
97,55,3.1277037522452846,
97,56,4.2442110459396645,
97,57,3.1481460059238975,
97,58,4.220881605732738,
97,59,4.5428132854472345,4.0
97,60,4.268369638186986,5.0
97,61,4.401970084286805,
97,62,4.159050834258235,
97,63,4.564540302249051,
97,64,2.9031572454269314,
97,65,3.2073083702372727,
97,66,3.1031042267818787,4.0
97,67,3.8582639987097846,5.0
97,68,2.997035471713181,
97,69,3.385518985930497,4.0
97,70,3.2096530315057943,3.0
97,71,3.9427948768936862,4.0
97,72,4.183013755976354,5.0
97,73,2.3476194947606337,4.0
97,74,3.681807033846264,4.0
97,75,3.2460190680262992,3.0
97,76,4.370848336123775,5.0
97,77,3.358991753702524,3.0
97,78,4.696356818988049,4.0
97,79,4.380090527995826,5.0
97,80,4.226011445338861,3.0
97,81,3.41961590931825,4.0
97,82,4.368734375303376,
97,83,4.423926628391353,5.0
97,84,2.9713947723224887,2.0
97,85,3.530769006122008,3.0
97,86,2.9890721421294932,3.0
97,87,4.2757575187217425,4.0
97,88,3.193133498707596,
97,89,3.5566851414411587,
97,90,4.184486526795022,3.0
97,91,4.179919906474078,4.0
97,92,2.6395243295115014,4.0
97,93,4.194697351025188,4.0
97,94,2.836629715843792,3.0
97,95,2.525436517619885,2.0
97,96,3.8460735408285567,4.0
97,97,3.660236390656206,3.0
97,98,3.8062716046907306,
97,99,4.078813428250425,4.0
97,100,4.047677954498159,4.0
97,101,4.275834425140281,3.0
97,102,4.172279047556047,
97,103,3.842279591750363,
97,104,3.917020881271965,4.0
97,105,3.823996866062316,
97,106,3.8527832706875875,4.0
97,107,4.065012529552704,
97,108,3.9891739041479815,
97,109,3.337961989454213,4.0
97,110,3.2790603019497504,4.0
97,111,3.97048529565505,5.0
97,112,3.917187913695228,
97,113,4.150220557180098,
97,114,4.245992863861987,3.0
97,115,3.7012198418339874,
97,116,3.9351917335981863,
97,117,4.001967046546087,4.0
97,118,2.9212037829917046,3.0
97,119,4.18050799030576,
97,120,3.119594797516073,3.0
97,121,4.208259953475114,5.0
97,122,4.145321645100269,4.0
97,123,4.280340864678948,
97,124,3.4891007911503102,
97,125,3.2378313147015194,4.0
97,126,4.440676887863797,5.0
97,127,2.8270653232759044,2.0
97,128,3.4901212280355,3.0
97,129,3.2202001713656965,3.0
97,130,3.620635699720049,
97,131,4.282018137400882,3.0
97,132,3.848463429991546,5.0
97,133,4.074536036875055,
97,134,4.07623329776961,4.0
97,135,3.974896543612169,4.0
97,136,3.70035547661655,4.0
97,137,3.942619341237323,3.0
97,138,3.6576996133079342,3.0
97,139,3.502494502815055,4.0
97,140,3.7306357278547124,2.0
97,141,2.833898558492745,
97,142,3.8672453766230093,3.0
97,143,2.2768991666339327,
97,144,3.797536812572808,2.0
97,145,4.214310605415694,5.0
97,146,3.6391702724298374,3.0
97,147,4.080343603002806,5.0
97,148,3.725899681889057,3.0
97,149,4.079058738486656,4.0
97,150,4.069758857800611,4.0
97,151,4.212854794613516,4.0
97,152,3.5917856985684278,5.0
97,153,3.8827048158168482,4.0
97,154,3.6453093549197533,
97,155,4.5032616745321805,
97,156,2.9813173605315257,1.0
97,157,4.051766941073826,3.0
97,158,3.5494745968157946,
97,159,3.8166441951281707,4.0
97,160,4.155748161513599,
97,161,3.6922748492895683,4.0
97,162,4.015467662220028,
97,163,3.2294449570923796,3.0
97,164,4.132678011070914,5.0
97,165,4.259739635809605,5.0
97,166,3.87995306595358,4.0
97,167,3.770451042009179,2.0
97,168,4.114419537043329,
97,169,3.3347728165718,4.0
97,170,3.3129998545596644,2.0
97,171,3.4362880292612057,
97,172,3.3274883481158013,
97,173,3.167039406698435,
97,174,3.8115982952255165,
97,175,4.139241102852256,5.0
97,176,3.8214681280869263,4.0
97,177,2.6902989537041195,3.0
97,178,4.029135760809519,
97,179,4.261141687348581,
97,180,3.8729932401024176,
97,181,3.0032723150595255,
97,182,3.7021499017330584,
97,183,3.3084574653027166,3.0
97,184,4.103285452454129,3.0
97,185,2.7014755079183432,2.0
97,186,3.5540450157098067,3.0
97,187,3.9837045262982778,4.0
97,188,3.9103508382444057,
97,189,3.0652394723484937,
97,190,3.7027424177883375,3.0
97,191,4.022617667884901,5.0
97,192,3.8697026921925404,3.0
97,193,3.3797442637849358,
97,194,3.9760858190790236,4.0
97,195,3.8353311031210033,3.0
97,196,4.382570430121796,3.0
97,197,3.909112804503252,3.0
97,198,3.5640688430164875,4.0
97,199,3.488170860428906,
361,0,4.900330627875526,4.0
361,1,4.4548832041672615,5.0
361,2,5.0,5.0
361,3,4.8268496033228185,5.0
361,4,4.176484222926392,4.0
361,5,4.780233284514104,
361,6,4.446722741049462,5.0
361,7,4.302313261392658,5.0
361,8,4.270392090594674,5.0
361,9,4.977558082316097,5.0
361,10,4.745864208744331,5.0
361,11,4.67576118541103,5.0
361,12,4.689104149550716,5.0
361,13,3.175470289389912,3.0
361,14,4.7767913180681445,5.0
361,15,3.9276389349531677,5.0
361,16,4.087928307897333,3.0
361,17,4.580686930075702,5.0
361,18,4.729360277072915,4.0
361,19,4.44146057960732,
361,20,4.43365561363339,5.0
361,21,4.984020521335623,4.0
361,22,4.612470862675562,5.0
361,23,4.267105451083497,5.0
361,24,3.805395200294516,
361,25,4.290993920288007,5.0
361,26,3.9864688339332477,
361,27,4.477346001602531,4.0
361,28,5.0,5.0
361,29,4.411496523094446,
361,30,4.633898947996856,5.0
361,31,4.561638295615027,
361,32,2.556312270051714,2.0
361,33,4.533355702351851,3.0
361,34,3.389872485664556,3.0
361,35,4.63254273384356,5.0
361,36,3.66941280897826,4.0
361,37,4.544336545933736,
361,38,3.6689159743246584,
361,39,3.48394493676752,4.0
361,40,4.302121767945578,
361,41,3.30695107113092,
361,42,3.6508928553965068,4.0
361,43,4.382655709946172,
361,44,4.791396688821983,5.0
361,45,4.157803946252766,3.0
361,46,2.5394192352038853,
361,47,4.569891718132927,5.0
361,48,4.518609564734917,
361,49,3.2441148427773916,3.0
361,50,4.375503940395784,4.0
361,51,3.867504257830943,
361,52,2.765646225964264,1.0
361,53,4.760737647624877,
361,54,4.433079952450281,5.0
361,55,3.242289309742225,1.0
361,56,4.26670508905293,
361,57,3.872049294058741,
361,58,4.311723323475628,
361,59,4.645463554628328,5.0
361,60,4.710562039785458,3.5
361,61,4.759352877828053,4.0
361,62,4.387000759499959,
361,63,4.76606741294757,5.0
361,64,3.0463298998524753,
361,65,4.0884422745091715,
361,66,3.70526016702327,
361,67,4.291501200036759,5.0
361,68,3.6378968745155986,
361,69,3.9219348361722566,4.0
361,70,3.646559837059545,3.0
361,71,4.435194013231158,
361,72,4.6140324869354945,
361,73,2.3919212339528264,
361,74,4.252857871402166,4.0
361,75,3.34635985952888,
361,76,4.513616707342377,5.0
361,77,3.4620453393805075,
361,78,4.824354269723527,
361,79,4.545946361858767,4.0
361,80,4.485534901125239,4.0
361,81,3.6867516443565598,3.0
361,82,4.7062371507894945,5.0
361,83,4.812034128533578,5.0
361,84,3.0759440987795275,
361,85,4.183268404916342,
361,86,3.379425122224599,
361,87,4.518849202241791,
361,88,3.879818587350757,3.0
361,89,3.8674090342336904,
361,90,4.603913120528231,5.0
361,91,4.390304488839464,4.0
361,92,2.971547819835297,
361,93,4.556742435858588,5.0
361,94,2.919082772519974,
361,95,3.099837825888488,
361,96,4.598493518264366,5.0
361,97,3.5723178206863038,4.0
361,98,4.302903347886453,
361,99,4.741236105266113,5.0
361,100,4.571784600268264,5.0
361,101,5.0,5.0
361,102,4.555769596049227,5.0
361,103,4.021740143115778,
361,104,4.514303069989786,
361,105,3.9067932080092356,
361,106,3.811074370946794,4.0
361,107,4.58531700913789,4.0
361,108,4.266934806798517,
361,109,4.368926191256235,
361,110,3.851546923488172,
361,111,4.2185032643634965,4.0
361,112,4.794523942646883,5.0
361,113,4.7768928794504655,5.0
361,114,4.582588936854825,5.0
361,115,3.7620083145338006,3.0
361,116,4.662982239886399,
361,117,4.620337334790548,4.5
361,118,3.0918319549036486,
361,119,4.868993180233016,5.0
361,120,4.00142187703774,5.0
361,121,4.728031004620072,5.0
361,122,4.800320301725073,4.0
361,123,4.693700048823108,5.0
361,124,4.200252287710557,4.0
361,125,3.2892204643640754,5.0
361,126,4.65813620334659,
361,127,2.6430358699835463,
361,128,3.3212805771249636,
361,129,4.063175850594916,3.0
361,130,4.5555352522637484,4.0
361,131,4.64708034945015,4.0
361,132,4.503605988693508,5.0
361,133,3.9317186061635887,
361,134,4.319311775570291,5.0
361,135,4.382776011781526,4.0
361,136,4.165205092338541,4.0
361,137,4.370144828107092,
361,138,4.369728577364938,
361,139,3.689498704337915,3.0
361,140,4.356967810724079,5.0
361,141,2.9429417912400897,
361,142,4.4350278892974195,5.0
361,143,1.8128439849458746,1.0
361,144,4.540611878845998,
361,145,4.768839221973058,4.0
361,146,3.6445544651163817,
361,147,4.152804282667102,3.5
361,148,4.568098681775324,4.0
361,149,4.4888050652926035,4.0
361,150,4.399059848056811,5.0
361,151,4.750565752107166,4.0
361,152,4.584941127150738,
361,153,4.544754007180925,5.0
361,154,4.359539000864937,5.0
361,155,4.442548662142817,4.5
361,156,3.670478785029484,4.0
361,157,3.5765136097183214,
361,158,4.202591939233163,4.0
361,159,3.964027456886229,
361,160,4.529296636470404,
361,161,3.906507318211399,
361,162,4.031663931211373,5.0
361,163,3.0666057965279943,2.0
361,164,4.5904136891598055,
361,165,4.962668975226617,5.0
361,166,4.448913161682701,
361,167,4.3375529179784165,5.0
361,168,4.349785712000006,4.0
361,169,3.4133925330114394,3.0
361,170,4.15845527064388,5.0
361,171,3.742222932425712,
361,172,4.320669174028167,4.0
361,173,3.621740823161913,
361,174,4.246733281448202,3.0
361,175,4.5679258892812005,5.0
361,176,4.40743286754436,5.0
361,177,3.285392912132911,3.0
361,178,4.130151641627609,
361,179,4.106282044787597,4.5
361,180,3.9926763059139905,4.0
361,181,3.696339512117077,
361,182,4.073578522974878,3.0
361,183,3.559513386919621,3.5
361,184,4.506871581689567,5.0
361,185,2.7848144824035015,
361,186,4.208653511535992,4.0
361,187,4.629218241658535,
361,188,4.36195273457594,4.0
361,189,2.8229308861088898,1.0
361,190,4.39881589647671,
361,191,4.806116345146045,5.0
361,192,4.591923711000854,5.0
361,193,4.267457733352794,
361,194,3.8137405073295594,0.5
361,195,4.103812218792019,
361,196,5.0,5.0
361,197,4.42790549031735,
361,198,4.030453035693233,
361,199,4.082583417670098,3.0
