User,Movie,Predicted Rating,Actual Rating
779,0,5.0,
779,1,4.155435861307682,4.5
779,2,5.0,5.0
779,3,5.0,
779,4,3.915327135399959,4.0
779,5,5.0,5.0
779,6,4.435938754525416,
779,7,4.512259458810427,5.0
779,8,4.943594816506299,5.0
779,9,4.808486337335053,5.0
779,10,4.486013674927096,4.0
779,11,4.182926602562752,
779,12,3.961816996679301,4.0
779,13,3.088156977034985,3.0
779,14,4.991520477355891,5.0
779,15,4.605808357491555,5.0
779,16,3.9707821467609303,4.5
779,17,5.0,5.0
779,18,4.825137099585487,4.0
779,19,5.0,4.5
779,20,4.012085065842033,4.0
779,21,5.0,5.0
779,22,5.0,5.0
779,23,5.0,4.5
779,24,3.3308864026174367,2.5
779,25,3.8285634098252244,3.5
779,26,3.494258720544855,4.0
779,27,4.297339401898353,
779,28,5.0,5.0
779,29,5.0,
779,30,4.547062638385579,4.5
779,31,4.139933169226551,4.5
779,32,3.245042743864442,
779,33,4.999128722980528,5.0
779,34,3.6616772531720856,4.0
779,35,4.570548737835696,5.0
779,36,3.7485682732068226,3.5
779,37,3.8762341774535285,4.0
779,38,3.0962038339433517,3.5
779,39,3.2549417910820706,3.5
779,40,4.849816549012743,5.0
779,41,3.7316289508512592,3.5
779,42,3.0742188566411333,3.5
779,43,4.682485065929779,4.5
779,44,4.8584884156724835,4.5
779,45,4.27102946231592,
779,46,2.8140729720808313,
779,47,4.218405940622942,
779,48,4.751089485810677,4.5
779,49,2.588331122671012,2.5
779,50,4.097139163442106,4.5
779,51,3.622140038428074,
779,52,3.0730678119938184,3.5
779,53,4.579377938213072,4.0
779,54,4.259905518440362,4.5
779,55,3.0421458426083197,3.0
779,56,4.830545648032122,
779,57,3.3746495586168095,3.0
779,58,4.55353744168557,4.5
779,59,5.0,4.5
779,60,5.0,4.0
779,61,4.860343155864735,4.5
779,62,4.596854643951891,4.5
779,63,5.0,5.0
779,64,3.0026984937948065,
779,65,3.6787347371767853,4.0
779,66,3.2800520448612547,4.0
779,67,4.2724260619501635,
779,68,3.2374966708931456,4.0
779,69,3.2569126545950744,
779,70,2.9117643578071504,4.0
779,71,4.524187924817009,4.5
779,72,4.326297848006651,4.0
779,73,2.481591363624806,3.0
779,74,4.102931722581904,4.0
779,75,4.103246335441058,4.0
779,76,4.9463700456813156,5.0
779,77,4.0895251873222405,4.0
779,78,5.0,5.0
779,79,4.81704036963773,5.0
779,80,4.67084452029033,4.5
779,81,3.7954634641323453,
779,82,4.84512462149061,4.5
779,83,4.9086505419227136,5.0
779,84,3.4373355142215076,
779,85,3.71830099048965,
779,86,3.295657466944096,3.5
779,87,4.865007889162722,5.0
779,88,3.443396024554545,
779,89,4.138571027923666,
779,90,4.7232106569425545,4.0
779,91,4.791307617965567,5.0
779,92,2.9238560959072117,3.5
779,93,5.0,4.5
779,94,3.486294280398673,
779,95,2.6497996788003233,
779,96,4.21856752322168,4.5
779,97,4.022073788164885,4.0
779,98,4.1549192414440945,4.0
779,99,5.0,5.0
779,100,4.474583275298109,4.0
779,101,4.987628275164514,5.0
779,102,4.839128607893466,4.5
779,103,4.034100867553135,4.5
779,104,4.635689517861988,
779,105,4.134378075496504,4.5
779,106,4.385260125188826,4.0
779,107,4.332097960415844,4.5
779,108,3.7983758730919512,
779,109,3.749107783279822,4.0
779,110,4.068207518295121,4.0
779,111,4.839655126601553,4.5
779,112,4.60349181151784,4.0
779,113,4.55002139051749,4.5
779,114,5.0,
779,115,4.065256165741637,4.5
779,116,4.40288656639514,4.5
779,117,4.209194171358713,4.0
779,118,3.6791914828234935,3.5
779,119,5.0,4.5
779,120,2.855877665496364,3.0
779,121,5.0,5.0
779,122,4.3892969800901716,4.0
779,123,5.0,4.5
779,124,4.075506826981966,4.0
779,125,2.9108711218236305,3.5
779,126,4.678951534817175,4.0
779,127,3.0130833170221396,3.0
779,128,4.07323637035961,
779,129,3.5475492897398198,4.0
779,130,4.04016215224004,4.5
779,131,4.707454034441508,4.5
779,132,4.261699218785616,
779,133,4.753098175888076,4.5
779,134,4.2829570249260875,
779,135,4.421098845324966,4.5
779,136,3.9045930109338216,4.0
779,137,4.517937075137666,
779,138,4.001327534216735,4.5
779,139,4.0413674651122165,4.5
779,140,4.079635989624496,4.0
779,141,2.644089742192175,3.0
779,142,3.731380048879474,
779,143,2.3876342088357174,3.0
779,144,4.406073787978039,4.0
779,145,4.3963609288206555,
779,146,4.008097949001395,4.0
779,147,4.962975597821075,
779,148,3.7896164708527387,
779,149,4.384020174116582,4.0
779,150,4.905635630678538,4.5
779,151,4.728619732258988,4.0
779,152,4.182146084550015,4.5
779,153,4.453409823332547,4.0
779,154,3.8628292842368355,
779,155,4.964734650841365,4.0
779,156,3.2654290268434147,4.0
779,157,4.392759407578907,
779,158,4.0880200172454995,3.0
779,159,4.281573302522261,4.5
779,160,4.464080295326055,4.0
779,161,3.725447453956601,4.0
779,162,3.950353158775416,5.0
779,163,3.337676378609023,3.5
779,164,4.4323081937095505,4.5
779,165,4.940689194366211,4.5
779,166,3.9567932019375682,4.0
779,167,4.172612397340798,4.0
779,168,4.723241972138079,4.5
779,169,3.52323511608287,4.0
779,170,3.254495120388819,
779,171,3.6332203896762927,4.0
779,172,3.6779491495862957,4.5
779,173,3.768577741216552,4.0
779,174,3.7475232447527125,4.0
779,175,4.491848109465575,5.0
779,176,4.124649388318459,4.0
779,177,2.70861509986099,2.5
779,178,4.79076812161869,4.5
779,179,4.3903367976366345,
779,180,4.6551064819878025,4.0
779,181,3.0057915591155138,4.0
779,182,3.889819898468016,3.0
779,183,3.607799965852908,4.0
779,184,4.52360977584121,4.5
779,185,2.7638824363800127,2.5
779,186,3.8028234398968905,
779,187,4.235966088961899,5.0
779,188,4.176701823700929,4.0
779,189,3.5660910261438175,4.5
779,190,4.3186139454438415,4.0
779,191,5.0,4.5
779,192,4.217601789298411,4.0
779,193,4.072465377129086,4.0
779,194,4.336869551812562,
779,195,4.154003247926949,
779,196,4.91421769037505,
779,197,4.314437702844185,
779,198,4.217257574927051,4.5
779,199,3.824527982949532,3.0
85,0,4.957350425513252,5.0
85,1,3.4114841164948597,3.5
85,2,4.583962038530082,4.5
85,3,4.639272150086402,
85,4,3.9545808723729268,4.0
85,5,4.480189424605574,
85,6,3.6883567578319254,
85,7,3.969834186241787,4.0
85,8,4.607831598752776,5.0
85,9,4.539226350690531,5.0
85,10,4.263272527305739,
85,11,3.9930883248175393,4.0
85,12,3.7784782680511846,
85,13,2.59719931073745,3.0
85,14,4.743139103983768,4.0
85,15,3.958131092326201,
85,16,3.6846613191131055,3.0
85,17,4.691054074748712,4.0
85,18,4.64643296237151,4.0
85,19,4.656631054079683,4.0
85,20,3.576796572682301,
85,21,4.637816913355275,
85,22,4.770806768481647,
85,23,4.52986115685327,
85,24,3.06489380970922,3.0
85,25,3.498018950900183,
85,26,3.0200475157576285,3.0
85,27,4.088862349581047,4.0
85,28,5.0,5.0
85,29,4.913806295133466,5.0
85,30,4.155266903975926,4.5
85,31,3.830913559768379,
85,32,2.7521732781655084,3.0
85,33,4.5968674049999505,4.5
85,34,3.1317599348327096,3.5
85,35,3.9123462469384327,4.0
85,36,3.582052773628593,4.5
85,37,3.8862584621127905,4.0
85,38,3.058984596523122,3.0
85,39,2.83859936294351,4.0
85,40,4.657418178296113,4.0
85,41,3.648040585496449,4.0
85,42,3.0938387132713503,3.0
85,43,4.145767851888511,
85,44,4.920959743636426,5.0
85,45,3.7845516983266276,3.5
85,46,2.404405395854507,2.0
85,47,4.232181630666338,4.0
85,48,4.4098049562671315,4.5
85,49,2.2706888778114704,1.5
85,50,3.4913607232214074,4.5
85,51,2.658619774958003,2.0
85,52,2.7331606785105045,2.5
85,53,4.391362889376486,5.0
85,54,3.922497561785085,
85,55,3.003934338095707,3.5
85,56,4.4518532328997,4.5
85,57,3.1344188685935084,3.0
85,58,4.003823950073133,3.5
85,59,4.665547202637958,5.0
85,60,4.903203887774063,4.0
85,61,4.592579823344618,
85,62,4.390080169532522,4.5
85,63,4.631463524655882,
85,64,2.7856414699682563,3.5
85,65,3.216717263150475,3.0
85,66,2.474489639921799,1.5
85,67,4.058159248784284,4.0
85,68,3.279256912804782,4.0
85,69,2.5108632501370076,3.0
85,70,2.6785224715032916,3.5
85,71,4.371662473812903,4.0
85,72,4.285166481854075,4.5
85,73,2.3452064170776694,3.0
85,74,3.7152634041143764,4.0
85,75,3.902581373265556,5.0
85,76,4.516774541991088,
85,77,3.666975238683067,3.0
85,78,4.92515670988779,5.0
85,79,4.390081649378152,
85,80,4.2232286864024005,4.0
85,81,3.573877218486987,3.5
85,82,4.599535972182794,
85,83,4.768303870729384,4.0
85,84,3.1946923898609487,
85,85,3.644086000524197,5.0
85,86,2.9741391441617733,3.0
85,87,4.377150000437415,5.0
85,88,3.1937950171652814,
85,89,4.187549964223552,4.5
85,90,4.8118569549796035,4.0
85,91,4.508805084116512,4.5
85,92,2.466342801507565,3.0
85,93,4.725368590363617,
85,94,3.3365228233252453,4.0
85,95,2.7707342703625812,
85,96,3.829514484437259,
85,97,3.730472931864419,4.0
85,98,3.948524954300814,4.0
85,99,4.8172969348466115,4.0
85,100,4.078274353428388,4.5
85,101,4.801274437395604,5.0
85,102,4.5517307360096035,4.5
85,103,3.6742777568527996,2.0
85,104,4.273666365677563,
85,105,3.949607293876357,4.0
85,106,4.061184794461606,4.0
85,107,4.318664593929169,4.5
85,108,3.6590184680695614,3.5
85,109,3.3564332631259135,3.5
85,110,3.8852361896950782,4.5
85,111,4.612669434602193,5.0
85,112,4.1313512605588185,4.0
85,113,4.300769352233422,4.0
85,114,4.921257435681263,5.0
85,115,3.6384258985818536,3.5
85,116,4.214029424937946,4.5
85,117,4.368336630001452,
85,118,3.1398862873309956,4.0
85,119,4.8602776204402485,
85,120,2.8166026693855657,3.0
85,121,5.0,4.5
85,122,3.938168206520189,4.0
85,123,4.6990648468807885,4.5
85,124,3.6257975290110576,
85,125,2.629816225906058,2.5
85,126,4.508969288268196,4.0
85,127,2.3942401663204507,3.0
85,128,3.5543272706436038,4.0
85,129,3.2816458847123524,4.0
85,130,3.676723118705856,4.5
85,131,4.450757024053602,3.5
85,132,3.656977397600013,4.0
85,133,4.260717595568615,4.0
85,134,3.797608272110673,3.0
85,135,3.8260395746770572,4.0
85,136,3.8419203025820288,4.0
85,137,4.265850515419049,4.5
85,138,3.5992896289423983,4.0
85,139,3.84965139274551,
85,140,3.7980167042749584,
85,141,2.377936940944733,3.0
85,142,3.6124426524571542,4.0
85,143,2.1477908274370687,3.0
85,144,4.251328812921589,4.5
85,145,4.078921106834191,4.0
85,146,3.643239295827054,4.0
85,147,4.849833763230664,4.0
85,148,3.630656176491925,4.5
85,149,3.859844398683471,3.5
85,150,4.758184075888697,5.0
85,151,4.558559425868076,5.0
85,152,3.8244210079815684,3.5
85,153,4.22381030382556,
85,154,3.8202712350680885,3.0
85,155,4.643043877168253,4.5
85,156,2.993750135416856,3.5
85,157,4.315357464403881,
85,158,3.9854483025356453,
85,159,3.9470180626035676,3.0
85,160,4.2632094218665415,4.5
85,161,3.1187967554650773,0.5
85,162,3.937235652128238,4.0
85,163,2.9211323160259295,
85,164,4.239996807230138,5.0
85,165,4.77094492545241,5.0
85,166,3.6738710872858307,4.0
85,167,3.9930451866903103,4.0
85,168,4.39746551041995,3.5
85,169,3.174902322120999,
85,170,2.9033314225558424,
85,171,3.3595770284009494,3.0
85,172,3.451283871471155,
85,173,3.1028815563651593,4.0
85,174,3.334307039810094,3.0
85,175,4.4230369399819685,5.0
85,176,3.7275672111739957,
85,177,2.525125803802366,
85,178,4.579598626897481,
85,179,4.185865652769061,4.0
85,180,4.2448583594534055,4.0
85,181,3.154956284956875,
85,182,3.792696830910715,4.5
85,183,3.0486280705864983,3.0
85,184,4.1645594295865305,4.5
85,185,2.533875103586049,
85,186,3.6012832145035425,3.0
85,187,3.989143878547915,5.0
85,188,3.7717428125175774,
85,189,3.200845662260061,3.0
85,190,4.2153318147241965,
85,191,5.0,5.0
85,192,3.94891617939116,
85,193,3.7674799331613498,3.5
85,194,4.3336051144545,4.5
85,195,3.7645041694093897,4.0
85,196,4.81793400720425,4.5
85,197,4.055399672902748,4.0
85,198,4.073617921354245,5.0
85,199,3.527880502229383,4.0
18,0,4.797540205546024,
18,1,4.39120743229944,5.0
18,2,4.822401081007363,
18,3,4.953942240948355,5.0
18,4,4.015157687791786,4.0
18,5,4.724323220053097,5.0
18,6,4.351487773432325,
18,7,4.301505349783473,4.5
18,8,4.117444755689228,5.0
18,9,4.858645356092355,
18,10,4.443250003342513,4.0
18,11,4.236381136839668,5.0
18,12,4.301683603633215,5.0
18,13,3.0640871768093483,
18,14,4.46497961030745,4.0
18,15,4.150882733271611,
18,16,3.652264676525571,4.0
18,17,4.742496734071119,5.0
18,18,4.728598920810723,4.0
18,19,3.9365436088194357,
18,20,4.311588292236169,5.0
18,21,4.8084748125910295,5.0
18,22,4.77603339162765,4.5
18,23,4.567673945331381,4.0
18,24,3.4335600887768933,3.0
18,25,3.9017676411570434,4.0
18,26,3.653339316078137,4.5
18,27,4.164138325119368,5.0
18,28,4.988288499914926,5.0
18,29,4.214880051736036,4.5
18,30,4.1878488509983365,4.0
18,31,3.780349327450127,4.0
18,32,2.8292995329961785,1.5
18,33,4.574282254248752,5.0
18,34,3.2296595818600164,3.5
18,35,4.621725938892474,5.0
18,36,3.639373144040394,3.5
18,37,4.168485183925008,
18,38,2.841780717510226,3.0
18,39,3.1328384853366407,3.0
18,40,4.430016581856139,4.5
18,41,3.1407783896489705,3.0
18,42,3.24059208061189,4.0
18,43,4.328593081508929,
18,44,4.527474301260592,5.0
18,45,3.6550186817491968,3.5
18,46,2.689086211265473,3.0
18,47,4.600469901588521,5.0
18,48,4.303548001026521,4.0
18,49,2.950422830487389,
18,50,3.860381438885907,3.5
18,51,4.048106193052,5.0
18,52,3.177464743094651,3.0
18,53,4.274268447646144,3.5
18,54,4.052022980522154,4.0
18,55,2.6616756213915695,1.5
18,56,4.48211336174424,5.0
18,57,3.435214256511954,3.5
18,58,3.9551358819543054,
18,59,4.7112514493364905,
18,60,4.314535444615774,4.0
18,61,4.452533448259099,4.5
18,62,4.340869125344126,4.0
18,63,4.885843077316035,5.0
18,64,3.0300807305110538,4.0
18,65,3.3879183063079727,3.0
18,66,3.181234084883089,
18,67,4.226531319608118,
18,68,3.3053162918647114,3.0
18,69,3.6300893153820533,
18,70,2.812247677336699,2.5
18,71,4.130175547534881,
18,72,4.15668793437283,4.5
18,73,2.415149086397446,3.0
18,74,4.033238826460317,4.0
18,75,3.541139793760595,4.0
18,76,4.432670444280894,4.0
18,77,3.600538842372327,3.5
18,78,4.790037267149464,5.0
18,79,4.550264473483844,
18,80,4.451602574118644,
18,81,3.556366550866053,4.0
18,82,4.64196505051145,
18,83,4.695644964357046,4.0
18,84,3.0295057982244895,3.0
18,85,3.3594770573317296,3.0
18,86,3.353107020574543,3.5
18,87,4.191866328175539,4.5
18,88,3.4541850502055755,3.5
18,89,3.6108123361582694,3.0
18,90,4.6244298175033745,
18,91,4.480378914231844,4.5
18,92,2.9278089723940557,3.0
18,93,4.407935980344324,4.0
18,94,3.1799803936058253,3.0
18,95,2.587304519998834,3.0
18,96,4.2368835626252395,
18,97,3.866439660628838,4.0
18,98,4.363463121764802,
18,99,4.799986296799866,4.0
18,100,4.321196414997479,5.0
18,101,5.0,5.0
18,102,4.233544931080283,4.0
18,103,3.7406106259982197,3.0
18,104,4.102695148997596,
18,105,3.662225119317007,3.5
18,106,3.9111885988011,3.5
18,107,3.9892613531522425,4.0
18,108,4.0954338571710975,4.0
18,109,3.8528338494657803,4.0
18,110,3.5120584785717646,3.0
18,111,4.333001096531005,4.0
18,112,4.367518466083776,
18,113,4.7151323880864435,5.0
18,114,4.546283652412364,4.5
18,115,3.645379858058218,4.0
18,116,4.035439210689471,4.0
18,117,4.247891138225649,4.0
18,118,3.3233845521253467,2.5
18,119,4.896144136866223,5.0
18,120,3.263797112351946,4.0
18,121,4.917463420346096,5.0
18,122,4.382097393905493,4.5
18,123,4.585982360995802,4.5
18,124,3.948763787294295,4.0
18,125,2.907046173553587,2.5
18,126,4.847572711008746,5.0
18,127,2.707020512026641,2.0
18,128,3.4962231537542054,3.0
18,129,3.1747164186001036,3.0
18,130,3.977742269985821,
18,131,4.300312546896881,4.0
18,132,4.22403614606141,5.0
18,133,4.2969045979518645,4.0
18,134,4.066661272828543,
18,135,4.059551292208471,4.5
18,136,4.3570029513674955,4.0
18,137,3.768252457509252,3.0
18,138,3.7615888491980516,
18,139,3.672913572986697,4.5
18,140,3.8940223399649483,4.0
18,141,2.736266012609616,
18,142,3.8119748560219078,5.0
18,143,2.2141881186403616,
18,144,4.390506109885395,4.5
18,145,4.283193365626241,4.5
18,146,3.9083427141103537,4.0
18,147,4.193201286443359,
18,148,4.051042140371661,4.0
18,149,4.152376242131527,
18,150,4.189026585920603,4.0
18,151,4.697892412914087,5.0
18,152,3.481405316852636,3.0
18,153,4.0456476582679635,
18,154,3.84320242201218,
18,155,4.595546154118269,
18,156,3.058007193165101,3.0
18,157,4.021791677772435,4.0
18,158,3.8534175463263476,3.0
18,159,3.6240144252777373,3.5
18,160,4.407292535633109,4.5
18,161,3.854624258956342,5.0
18,162,3.660575875510954,4.0
18,163,3.0363303755597277,3.0
18,164,4.184600440986727,4.5
18,165,4.780767149485138,5.0
18,166,3.8355906099959385,4.0
18,167,4.176301219830501,
18,168,4.019757758098837,4.0
18,169,3.2358685812274803,4.0
18,170,3.6189444610312544,4.5
18,171,3.4504275476543684,3.5
18,172,3.8071039728359204,4.0
18,173,3.7909053392991896,3.0
18,174,3.8096936712143945,4.5
18,175,4.267611241598877,
18,176,4.2823578944314695,4.0
18,177,3.0041808262592786,
18,178,4.206075431674073,4.0
18,179,4.229845528604939,
18,180,4.150706863980117,4.5
18,181,2.652727611731346,2.5
18,182,3.763770326651711,4.0
18,183,3.4520215272606825,3.5
18,184,4.408581963682827,4.0
18,185,2.7418728886015273,3.0
18,186,3.9055124539158563,4.5
18,187,3.9770508207492976,
18,188,3.949926518504311,4.0
18,189,2.7987400902663326,2.0
18,190,3.9175949628192743,4.5
18,191,4.966102013680344,5.0
18,192,4.382607185651278,
18,193,4.0892815698358085,
18,194,3.7612400399232304,3.5
18,195,4.0152188544686735,4.5
18,196,4.722487165114311,5.0
18,197,3.9340753553788783,4.0
18,198,3.7432794512669045,3.5
18,199,3.727274102327581,
919,0,4.114108169506257,4.0
919,1,3.255907228278551,1.5
919,2,3.9482478241913697,4.0
919,3,3.978262805086806,4.0
919,4,3.0061607695348442,2.5
919,5,3.8219972108618805,3.0
919,6,3.1021083853367624,3.0
919,7,3.562420628344287,3.5
919,8,3.8005379042801835,3.5
919,9,3.9442374183331457,
919,10,3.759445432858988,
919,11,3.2853301254467655,2.5
919,12,3.214824189407376,
919,13,2.0055727610747685,2.0
919,14,3.9079650310950007,4.0
919,15,3.324120879464213,2.0
919,16,3.177425193346223,4.0
919,17,3.9780765736646733,4.0
919,18,3.9215695980486562,
919,19,3.8894602498967887,5.0
919,20,3.4933870384276595,
919,21,4.20543547732157,4.0
919,22,4.382819264108503,5.0
919,23,3.9875465283121674,4.5
919,24,2.764927417447537,2.5
919,25,2.9974449753965255,3.0
919,26,2.897126982018003,3.0
919,27,3.552264382821084,
919,28,4.504807880858303,5.0
919,29,3.9667871246180697,4.0
919,30,3.263183794863385,2.5
919,31,3.308698374517826,
919,32,2.199238703328075,2.5
919,33,3.38973455325413,2.5
919,34,2.9445656896576375,2.5
919,35,3.4189534499786207,3.5
919,36,2.877779328446606,3.0
919,37,3.3477664311801467,4.0
919,38,2.408783706053523,
919,39,2.3629603643167445,
919,40,3.2107124444909876,2.0
919,41,2.4757614493201143,2.5
919,42,2.403246145207244,
919,43,3.5638524594448793,2.5
919,44,3.9306347807481186,4.0
919,45,3.2135989233674573,3.5
919,46,2.1247393614291035,
919,47,3.5794850852222893,
919,48,3.55710244643334,
919,49,1.6038387666348743,
919,50,3.2166476483386703,3.0
919,51,2.954556579263681,
919,52,2.787005262434766,
919,53,3.688033731317674,4.0
919,54,2.9083131045093884,1.5
919,55,2.177360514621185,
919,56,3.0513303509253267,1.5
919,57,2.4554966541373897,2.5
919,58,3.3076456722246386,3.5
919,59,3.918651057829704,5.0
919,60,4.091578680038484,
919,61,3.8241361703557533,4.5
919,62,3.4587137353425623,3.0
919,63,4.289716777305564,5.0
919,64,1.9372002948554456,
919,65,2.605603984563228,2.0
919,66,2.56968938347343,3.0
919,67,3.3919346810494226,
919,68,2.330033082226784,2.0
919,69,2.8129858395784613,
919,70,2.6541674068615806,
919,71,3.5909619330588862,3.5
919,72,3.447417838843362,
919,73,2.142291121638408,
919,74,3.110551795259431,
919,75,2.9455629512755714,2.5
919,76,4.0192635082334105,
919,77,2.766407960005224,3.0
919,78,4.433335041670834,5.0
919,79,3.585039968867737,2.5
919,80,3.8460118491280593,
919,81,2.7700192012799407,2.0
919,82,4.013398797040354,4.5
919,83,4.287767046172667,5.0
919,84,2.383862226678789,2.0
919,85,2.795230659324462,
919,86,2.33339680619449,
919,87,3.654643843483481,4.0
919,88,2.7754280081337437,
919,89,2.7253005246459456,1.5
919,90,4.485158410050802,
919,91,3.616169444599701,
919,92,2.4144343906529526,2.0
919,93,4.276562706756321,5.0
919,94,2.241648080015804,1.5
919,95,1.8784384473527471,1.5
919,96,3.298322547974583,3.0
919,97,2.922319155090499,
919,98,3.12810408483717,
919,99,4.2869769226108385,
919,100,3.5864926036060765,4.5
919,101,4.467669696130564,5.0
919,102,4.011043257448811,4.5
919,103,3.1686704629575577,4.0
919,104,3.841240635859344,5.0
919,105,2.8850608866185588,2.0
919,106,3.133237638841984,0.5
919,107,3.405872514670128,4.0
919,108,3.395695612171162,4.0
919,109,2.993590186022836,3.0
919,110,3.2623663622155896,
919,111,3.6392216274025424,2.5
919,112,3.465557935515178,4.0
919,113,4.089516062250768,4.5
919,114,4.115180987777828,4.5
919,115,3.0398469061759847,2.0
919,116,3.402591142242672,4.0
919,117,3.555447541693655,
919,118,2.345816241565025,2.0
919,119,4.389827144395916,5.0
919,120,2.376940159360475,
919,121,4.36385685289204,
919,122,3.465954249973398,4.5
919,123,3.7725378085760246,5.0
919,124,2.927027875252514,
919,125,1.9728524959121827,
919,126,4.0205098075066354,5.0
919,127,1.8370699982956356,
919,128,2.8603145332626054,
919,129,2.673711059100724,
919,130,2.993523291038264,1.0
919,131,4.088856153001691,4.5
919,132,3.1304168155233705,
919,133,3.34560705079339,
919,134,3.298863309733157,4.5
919,135,3.37004343609537,
919,136,3.3536128397835583,4.5
919,137,3.7526625494029155,4.5
919,138,2.7459026899915906,2.0
919,139,3.0173209878470817,
919,140,3.1458998798121405,2.5
919,141,1.309556439156702,0.5
919,142,3.0443589072055257,2.5
919,143,1.5885553625446067,1.5
919,144,3.5721807504249212,4.0
919,145,3.733493098603598,3.5
919,146,2.986778019492407,3.0
919,147,3.8359959796119627,
919,148,3.574204939793649,
919,149,3.472243335433552,4.0
919,150,3.6455171109721842,
919,151,3.878939116798372,4.0
919,152,3.2144147149684676,
919,153,3.776006982911884,4.0
919,154,3.1426824116279866,2.5
919,155,3.5004260857572005,
919,156,2.3496353978941937,
919,157,3.4707073296395667,
919,158,3.3030733286357417,
919,159,3.1928437922921726,3.5
919,160,3.5590574868635603,3.5
919,161,2.9366357509715693,3.0
919,162,3.4880331828203857,
919,163,2.5570690301697656,2.5
919,164,3.5868541073911553,4.0
919,165,4.246786073950005,5.0
919,166,3.1294545225598074,
919,167,3.26457866614201,3.0
919,168,3.858968543675012,2.5
919,169,2.816357590732893,4.0
919,170,2.5200468839461863,
919,171,2.821546903678193,2.5
919,172,2.8315165165868206,2.0
919,173,2.3389966386459644,1.0
919,174,3.083678036588182,3.5
919,175,3.433316416723776,4.0
919,176,3.353202425522085,3.0
919,177,2.028268363262774,2.0
919,178,3.649369649930353,3.5
919,179,3.4906926276337225,
919,180,3.1732667933199874,3.5
919,181,2.1246487890724666,2.5
919,182,3.396507748689247,4.0
919,183,2.6431920190607254,2.0
919,184,3.3815991662208167,
919,185,2.1883943278368294,2.0
919,186,2.4317227622662405,
919,187,3.5184171239978115,4.0
919,188,3.231112160579682,
919,189,2.4071308331812165,
919,190,3.4163351819925802,
919,191,4.594933477528542,5.0
919,192,3.5578269058039207,4.5
919,193,3.1083647236486778,2.0
919,194,2.9893357446463535,
919,195,3.126050114981451,3.0
919,196,4.4047796584853876,5.0
919,197,3.5318711779685343,
919,198,3.112105469767084,4.0
919,199,2.828439107170256,
669,0,5.0,
669,1,4.230435498423804,4.0
669,2,4.991434550097816,
669,3,4.8975598287938436,5.0
669,4,4.109690112340771,4.0
669,5,5.0,5.0
669,6,4.241318137589062,5.0
669,7,4.55389979566273,
669,8,4.679080499201981,5.0
669,9,4.902345489816509,5.0
669,10,4.597373534221626,
669,11,4.270113802176644,4.0
669,12,3.98836630791795,4.0
669,13,2.9283485344111195,2.0
669,14,4.861156211148441,5.0
669,15,4.690495065948184,
669,16,4.132318712386292,3.5
669,17,5.0,
669,18,4.894562869655116,
669,19,4.801042346358882,3.5
669,20,4.168881827892244,5.0
669,21,4.936403604943321,
669,22,4.965519990909923,3.0
669,23,5.0,5.0
669,24,3.8068426299439215,4.0
669,25,3.874093474879011,3.0
669,26,3.4008499358504056,3.5
669,27,4.452210273589335,4.5
669,28,5.0,
669,29,4.971668189131094,
669,30,4.565195189368697,5.0
669,31,4.142467308232228,3.0
669,32,3.1510601620214835,3.0
669,33,5.0,5.0
669,34,3.4710109832444207,3.5
669,35,4.663929737990038,5.0
669,36,3.6103010321228535,3.0
669,37,4.027502377121933,
669,38,3.1286866851218336,3.0
669,39,3.274305883368343,3.0
669,40,5.0,5.0
669,41,3.4445227873142774,3.5
669,42,3.2360381167120815,3.5
669,43,4.749382903330736,4.5
669,44,5.0,5.0
669,45,4.3262348526142445,4.5
669,46,2.8528652082916075,
669,47,4.624510512489556,5.0
669,48,4.763624763324325,5.0
669,49,3.1666854418326675,
669,50,4.009986585519714,4.0
669,51,3.756148790095648,4.0
669,52,3.287363100159414,3.0
669,53,4.518403304423093,
669,54,4.0426719524675665,4.0
669,55,3.068596237416517,3.0
669,56,4.878520733526545,5.0
669,57,3.3948262701675116,4.0
669,58,4.438973255221277,4.0
669,59,5.0,5.0
669,60,5.0,5.0
669,61,4.762219856159188,
669,62,4.768733578697532,4.5
669,63,5.0,5.0
669,64,3.025729175691993,3.0
669,65,3.481813002652233,3.5
669,66,3.1495389972842434,4.0
669,67,4.448948487001685,4.0
669,68,3.677900053750112,4.0
669,69,3.561275359041936,4.0
669,70,3.418127211871207,4.0
669,71,4.585996897138546,5.0
669,72,4.219118560951726,4.0
669,73,2.5906061302552565,2.5
669,74,3.6973001896575655,4.0
669,75,4.158854035325329,4.5
669,76,4.940786648335006,5.0
669,77,4.062102359916782,4.5
669,78,5.0,5.0
669,79,4.77845188920718,
669,80,4.979132841379273,4.5
669,81,3.895041487604114,4.0
669,82,4.79921546252852,5.0
669,83,4.980157494377075,
669,84,3.0492175068334504,
669,85,4.222984938751917,
669,86,3.1827305187911525,
669,87,5.0,5.0
669,88,3.4706692461648454,3.5
669,89,3.8642647899530687,
669,90,5.0,5.0
669,91,4.505103620670348,
669,92,3.0448478349814403,
669,93,5.0,5.0
669,94,3.342233807968595,4.0
669,95,2.613651824939332,2.0
669,96,4.520386768041497,4.5
669,97,4.045784542654351,5.0
669,98,4.11170213834685,
669,99,5.0,4.0
669,100,4.5955861405906395,4.0
669,101,4.835157384898249,5.0
669,102,4.869628331360371,4.5
669,103,4.073866041160184,
669,104,4.502735365167335,4.5
669,105,4.039229418880637,
669,106,4.417880324584035,
669,107,4.285704059146826,4.0
669,108,4.542756168491679,4.5
669,109,3.4856326051984747,
669,110,4.0061442144363095,
669,111,4.968255167256277,5.0
669,112,4.566910847135702,4.0
669,113,4.538379368586894,5.0
669,114,5.0,5.0
669,115,3.917701157300805,
669,116,4.41415789108486,
669,117,4.647365694879914,5.0
669,118,3.4851918590290794,
669,119,5.0,
669,120,3.118335918808233,
669,121,5.0,
669,122,4.4907821969783095,4.5
669,123,4.968495982638285,4.5
669,124,3.8602800109533515,
669,125,2.993891478975347,4.0
669,126,4.869138133289029,
669,127,2.8850520776892514,3.5
669,128,3.757283574162527,4.0
669,129,3.5816939552720397,
669,130,4.2186775135889825,
669,131,4.892603434349601,4.5
669,132,3.8229278111565552,4.0
669,133,4.772775873456734,5.0
669,134,4.39075661728687,
669,135,4.073420942180396,4.0
669,136,4.535599003089651,
669,137,4.689600024259365,4.0
669,138,3.8369009789888033,4.0
669,139,3.929875075811582,4.0
669,140,4.2903826385717,
669,141,2.775525138728499,3.0
669,142,4.283630635597597,4.5
669,143,2.593798827253563,
669,144,4.302914509746693,5.0
669,145,4.667344322317334,4.5
669,146,3.9571976473123525,4.0
669,147,4.872986621882991,5.0
669,148,4.246687430265024,
669,149,4.313872146642558,4.0
669,150,4.815046059991426,
669,151,4.8679019525115,4.5
669,152,4.167415674761835,4.0
669,153,4.694604347710966,
669,154,3.951766814264942,4.0
669,155,4.8760905468355915,5.0
669,156,3.237295653237778,4.0
669,157,4.6960337273919714,5.0
669,158,4.2934220749909855,4.5
669,159,4.245014974706042,
669,160,4.616600695800915,
669,161,3.8704917256572062,
669,162,4.682156258936827,5.0
669,163,3.5260248985675586,3.5
669,164,4.503351811233082,4.5
669,165,5.0,5.0
669,166,4.241427900667212,
669,167,4.167010229968267,4.0
669,168,4.69002382501417,
669,169,3.830376966415538,3.5
669,170,3.7492662780782635,4.0
669,171,3.4673702626804506,
669,172,3.7202533394376354,
669,173,3.569961479947285,3.5
669,174,3.8785318114964875,4.0
669,175,4.388609078286937,4.0
669,176,3.9767835146580928,4.0
669,177,2.935523249570842,3.0
669,178,4.7990729998444,5.0
669,179,4.686228373010047,4.5
669,180,4.5991149242493155,5.0
669,181,2.993174321020551,
669,182,4.387055467473311,4.5
669,183,3.4193030332683705,
669,184,4.498747529146464,
669,185,3.1632013807033648,4.0
669,186,3.5360189573964598,3.5
669,187,4.635081120157504,
669,188,4.2860707734591035,4.5
669,189,3.4530540548601043,
669,190,4.466635437399895,
669,191,5.0,5.0
669,192,4.619097548747993,5.0
669,193,3.9844325613401392,4.5
669,194,4.496241150497709,5.0
669,195,4.178148512494226,4.5
669,196,5.0,4.5
669,197,4.438690799018989,
669,198,4.3800077919382705,5.0
669,199,3.850824137219034,4.5
229,0,4.845884844235755,4.5
229,1,3.761267320697205,
229,2,4.397103813473272,4.5
229,3,4.642119795135604,5.0
229,4,3.800318837930217,3.5
229,5,4.6219273480674445,4.5
229,6,3.3151668829833394,1.5
229,7,3.9289885656800174,4.0
229,8,4.202176427997762,4.5
229,9,4.249556626454289,4.5
229,10,4.371974433490283,4.5
229,11,4.078505551412734,3.5
229,12,3.891832064192697,4.0
229,13,2.828885309479212,2.5
229,14,4.578363859240686,4.5
229,15,4.134940000169263,
229,16,3.7105067158241254,4.0
229,17,4.633176022171023,5.0
229,18,4.534623620766042,4.5
229,19,4.246601598947722,4.0
229,20,3.8644595854751427,
229,21,4.683132760107125,4.5
229,22,4.550881648779859,
229,23,4.5341193713183845,5.0
229,24,3.163061305606945,3.5
229,25,3.595667285466329,4.0
229,26,3.593964873674402,4.0
229,27,4.189080808288037,
229,28,4.8932184895625355,
229,29,4.511758959320179,4.5
229,30,3.9664688898006575,4.5
229,31,4.191933756129284,4.5
229,32,3.116424229518473,
229,33,4.610685866862648,4.5
229,34,3.161231902803418,4.5
229,35,3.971736850442901,4.0
229,36,3.3605414559047273,4.0
229,37,3.857695061796611,4.0
229,38,2.6474194017867245,2.0
229,39,3.077242770176317,
229,40,4.585116590171486,
229,41,3.1465219269980627,3.0
229,42,3.1645958382235264,3.0
229,43,4.174686534438924,
229,44,4.598633271110341,5.0
229,45,3.6035952141755385,3.0
229,46,2.2895741350705725,2.5
229,47,4.368204532004471,4.5
229,48,4.423278980367461,
229,49,2.507393062922013,
229,50,4.119082772171195,4.0
229,51,3.651581609821781,4.0
229,52,3.354724782078905,
229,53,4.350583069209683,4.0
229,54,3.766466154267679,4.0
229,55,2.9636917230174045,
229,56,4.755430168089103,4.5
229,57,3.2736958937386813,4.0
229,58,4.183735151459439,4.5
229,59,4.569138663578093,
229,60,4.860084464238786,
229,61,4.37363470092857,3.5
229,62,4.318454080719859,5.0
229,63,4.823252366457628,5.0
229,64,2.942760195539875,
229,65,3.1155557578204416,3.0
229,66,2.9324952357202783,
229,67,4.199302424960804,
229,68,3.312971061526615,
229,69,3.0998719885621178,
229,70,2.811326533373765,
229,71,4.348912662203767,4.5
229,72,3.90087161697695,4.0
229,73,2.4608768282406466,
229,74,3.656517973775961,
229,75,3.6565818572980406,3.5
229,76,4.5006783800755645,4.0
229,77,3.372605820888909,
229,78,4.838657584490674,5.0
229,79,4.468254007428795,
229,80,3.888925333110244,2.0
229,81,3.4668271862977176,3.5
229,82,4.44898826925664,4.0
229,83,4.765354898469985,5.0
229,84,2.8716075605389113,3.0
229,85,3.510344690256939,
229,86,3.0493166395774463,3.0
229,87,4.336518379090095,4.0
229,88,3.365876555676997,
229,89,3.7959414992965343,3.5
229,90,4.965662169140636,5.0
229,91,4.378014770551713,4.0
229,92,2.7487954737492615,
229,93,4.930546943960427,4.5
229,94,3.0136657661394306,3.5
229,95,2.53892899337011,3.0
229,96,3.6344621589420854,3.5
229,97,3.651191700280441,4.0
229,98,4.170605831067414,
229,99,4.81912387292507,5.0
229,100,4.1225225352603685,4.5
229,101,4.892449821351692,5.0
229,102,4.289325668306475,4.0
229,103,3.686185854635624,
229,104,4.0492033821660725,
229,105,3.6490556745684675,3.5
229,106,3.974762316163134,4.0
229,107,4.0556115251806775,
229,108,3.9961663561106433,3.5
229,109,3.3369904180209575,4.0
229,110,3.7141843254668423,
229,111,4.530168467837121,4.0
229,112,4.119938470556322,4.5
229,113,4.434773945512026,4.5
229,114,4.571883449776442,4.5
229,115,3.4549212995514704,
229,116,3.933794243062066,
229,117,3.8550256070942477,4.0
229,118,3.049616832325639,3.5
229,119,4.957718938897903,
229,120,2.7103145819015513,
229,121,5.0,5.0
229,122,4.294800925077915,4.5
229,123,4.356034663784231,3.5
229,124,3.564092749856237,3.0
229,125,2.5213482855604763,1.5
229,126,4.547754732798421,4.5
229,127,2.722035527187175,3.0
229,128,3.335135038831786,3.0
229,129,3.173234141350369,
229,130,3.4888820355896875,3.5
229,131,4.367932775895403,4.5
229,132,3.951395904875123,4.5
229,133,4.28755727677853,4.5
229,134,4.027621064255766,4.0
229,135,3.991108065577878,4.0
229,136,3.8572948413818233,4.0
229,137,4.040596088183738,
229,138,3.504081303208046,
229,139,3.688703330620317,3.5
229,140,3.7837543613460283,4.0
229,141,1.9717473283314744,1.5
229,142,3.2644370463496766,3.0
229,143,2.2762797836226465,
229,144,4.090691545653633,
229,145,3.9970607109598006,3.5
229,146,3.7618166976979954,
229,147,4.408506352527391,4.0
229,148,3.8071578194567484,
229,149,3.899712360260967,
229,150,4.450960012489768,5.0
229,151,4.549854456808428,5.0
229,152,3.513531117896023,3.0
229,153,4.200440508607118,
229,154,3.814302005127425,
229,155,4.47263724166298,4.5
229,156,2.816850579868205,
229,157,3.8859797184729814,3.5
229,158,3.6706599996426803,4.0
229,159,3.7947188433810455,
229,160,4.128024082182826,4.0
229,161,3.370175808720462,3.5
229,162,3.8491299758581716,3.0
229,163,3.244353328794765,
229,164,4.213224183043601,4.0
229,165,4.788559180765491,4.5
229,166,3.5683222928838583,3.0
229,167,3.559562409186471,2.0
229,168,4.013856458227968,4.0
229,169,3.245347374796414,
229,170,2.821765721997294,
229,171,3.143696070385148,3.5
229,172,3.1989400129037957,
229,173,3.3434488191914613,3.5
229,174,3.460145943750044,2.5
229,175,4.03702529148834,4.5
229,176,3.6453880598443074,3.5
229,177,2.720315863192477,
229,178,4.0254285647397,4.0
229,179,4.237129207429773,4.5
229,180,4.216100093408029,
229,181,3.001185759270174,3.5
229,182,3.7178090530159236,
229,183,3.384376867472232,
229,184,4.082936501226782,4.5
229,185,2.772481738935823,3.5
229,186,3.134016683382814,3.5
229,187,4.110283997087111,
229,188,3.6843197820191294,3.0
229,189,2.9150248860760897,
229,190,4.040934839199878,3.5
229,191,5.0,5.0
229,192,4.222733824737351,
229,193,3.6477632615465043,
229,194,3.360034574172417,1.0
229,195,3.8429547388734924,3.0
229,196,4.777474855972645,
229,197,3.7705403412419107,4.0
229,198,3.9813161149186125,4.0
229,199,3.5589139897119,4.0
955,0,4.375317072441452,4.5
955,1,3.441938711403242,4.5
955,2,4.004467111271111,5.0
955,3,4.013167686946583,
955,4,3.349786797493506,3.5
955,5,3.9673238390691266,4.0
955,6,3.7202874875650345,3.0
955,7,4.096279238671236,4.5
955,8,3.992030468776076,4.0
955,9,3.9464759235003655,
955,10,3.1537342619202455,2.5
955,11,3.2054259743422473,2.5
955,12,2.9338353851165784,
955,13,2.306702471175501,2.5
955,14,4.1863328684309495,4.5
955,15,3.718399070809414,3.0
955,16,3.281091143157846,
955,17,4.00565980070406,
955,18,4.102668699924121,5.0
955,19,3.9895594043363927,4.5
955,20,3.047502887465066,2.5
955,21,4.262056706668946,5.0
955,22,4.023694573479037,4.5
955,23,4.254993924746724,4.5
955,24,2.9178486791486735,3.0
955,25,2.7270129340500864,2.5
955,26,2.776196296695959,
955,27,3.713102363260284,5.0
955,28,4.176251821433926,3.0
955,29,4.476536256672034,4.0
955,30,3.638391870107074,4.0
955,31,3.1495168820476933,2.5
955,32,2.444606291373299,2.5
955,33,3.9533077387550657,
955,34,2.628723439772018,2.5
955,35,3.653776293074241,
955,36,3.1774964394538423,3.0
955,37,3.0248459632316336,
955,38,2.4353908537353806,1.5
955,39,2.343470116804606,3.0
955,40,3.912067071615305,3.0
955,41,3.067986516938429,
955,42,2.5732246295931436,3.0
955,43,4.0142893962779445,4.5
955,44,3.8752682520237176,3.0
955,45,3.4629289863831927,2.5
955,46,1.8482270842649655,2.0
955,47,3.286355801779107,3.5
955,48,3.5982795758452526,4.0
955,49,2.2137519402647907,2.5
955,50,3.153006847962346,2.0
955,51,2.866732359297318,4.0
955,52,2.8467837198461003,
955,53,3.794044678878417,
955,54,3.323653020614324,
955,55,3.050536615259277,3.5
955,56,3.7308392336081773,2.5
955,57,2.666753491210418,3.5
955,58,3.5524549629837843,
955,59,4.022839330457784,5.0
955,60,4.074604377464537,
955,61,4.126295401986893,
955,62,3.982387358950821,4.5
955,63,4.138133611637863,
955,64,2.0902570068837654,1.0
955,65,2.9137848528691306,
955,66,2.6272559041255956,
955,67,3.563842564065563,
955,68,2.6867308988671916,2.0
955,69,2.281085833371587,
955,70,2.7377677607067272,
955,71,3.434683824473746,
955,72,3.7049209286799085,4.5
955,73,2.3497363656567924,4.0
955,74,2.891230231264375,3.5
955,75,3.351067631523134,3.5
955,76,4.177632034213136,4.0
955,77,3.20652712213679,
955,78,4.080350659710979,3.0
955,79,4.216553178329953,4.5
955,80,4.208959294485997,5.0
955,81,3.2139236677298935,3.0
955,82,3.920947757940534,
955,83,3.9600721058786688,4.0
955,84,2.461482358457234,2.0
955,85,2.8648969817440593,
955,86,2.5372159263856013,2.0
955,87,3.8441766583894963,4.5
955,88,2.6797812035553576,3.5
955,89,3.06925817074875,4.0
955,90,4.035066021162432,3.5
955,91,3.6079344952159746,
955,92,2.4644160210107673,2.0
955,93,4.21862320689004,4.5
955,94,2.9334898320469,4.0
955,95,1.9551565701281746,2.5
955,96,3.5222935269259374,4.0
955,97,3.3290796340589313,4.0
955,98,3.3453768259256718,4.0
955,99,4.176886594700661,4.0
955,100,3.512788027144599,2.0
955,101,3.9627492896186447,
955,102,4.091655404116633,5.0
955,103,3.1364794862637586,3.0
955,104,3.483161884063588,2.5
955,105,3.0484356073744276,2.5
955,106,3.7984995375809,
955,107,3.079270206291873,2.0
955,108,3.100582962654472,4.0
955,109,2.688876639832538,
955,110,3.3863662873715947,4.5
955,111,4.003298836080127,5.0
955,112,3.2845311886881197,
955,113,3.347991612764821,
955,114,4.003056364063329,3.0
955,115,3.151609602155332,3.0
955,116,3.826828042859072,4.5
955,117,3.8455202895394676,4.5
955,118,3.0548063534000405,4.0
955,119,4.165219518650076,
955,120,2.3684325582565373,2.0
955,121,4.158201323391876,
955,122,3.059467699780001,1.0
955,123,3.8453089724662024,
955,124,3.067278474056287,
955,125,1.995927835784714,2.0
955,126,3.4347457702674244,4.0
955,127,2.240030810036581,2.0
955,128,3.4840540786298213,4.0
955,129,2.7147143823454587,1.5
955,130,3.4482071869802753,4.0
955,131,4.252809321056919,4.0
955,132,3.281327552399034,4.0
955,133,3.6060134187131156,2.5
955,134,2.988596203662032,2.0
955,135,3.563157039052212,
955,136,3.208566983698356,
955,137,3.624216518942768,4.5
955,138,2.9482704674899,2.5
955,139,3.2491968610384867,3.5
955,140,3.756441193743478,5.0
955,141,2.2865862346639028,2.5
955,142,2.830286369045963,3.0
955,143,1.8491713742321636,
955,144,3.1951011277262222,4.0
955,145,3.8030654306565723,
955,146,3.501676335414852,4.5
955,147,4.403209608539205,5.0
955,148,2.493333391052174,2.0
955,149,3.382577429271389,
955,150,3.7273344971251965,
955,151,3.6901631784944735,
955,152,3.478387051054235,3.5
955,153,3.326559653858388,3.5
955,154,2.8081459071364208,2.0
955,155,4.173962229749673,
955,156,2.8937950115252233,3.5
955,157,3.7252006586528843,5.0
955,158,3.4167044789707304,4.5
955,159,3.451753774497878,4.5
955,160,3.297686114595548,
955,161,3.1883486835469426,
955,162,3.5181057734924908,3.0
955,163,2.6419275515490632,4.0
955,164,3.625048022628445,3.0
955,165,3.6692584803912855,4.0
955,166,3.1649165496903406,
955,167,3.101839963056123,3.0
955,168,3.4258505438984286,2.0
955,169,3.0893111643388615,3.5
955,170,2.748720876853528,3.0
955,171,2.7762179450596562,2.0
955,172,2.4183924960912737,1.5
955,173,2.4976703993093805,3.0
955,174,2.681570872578055,1.0
955,175,3.580864970822326,4.5
955,176,2.9533941604313076,
955,177,1.9203208775974485,1.5
955,178,3.907693514915587,
955,179,3.9033724539749053,4.5
955,180,3.5552977850598424,
955,181,2.109800928587962,1.5
955,182,3.5807089456051626,5.0
955,183,2.452369144749862,3.5
955,184,3.523709069622509,
955,185,2.701081875819378,3.0
955,186,2.6923897694039782,3.0
955,187,3.3201937883936425,1.0
955,188,2.977277367993921,2.5
955,189,2.8414043104384215,
955,190,3.5646471231376897,5.0
955,191,4.045317374208572,3.5
955,192,3.237456329800931,
955,193,3.019993104537292,2.5
955,194,3.3927518969404282,3.5
955,195,3.3486873036380502,3.5
955,196,4.032104188271501,4.0
955,197,3.543124597754477,1.0
955,198,3.0670495327017226,2.0
955,199,3.0105996985859615,3.0
573,0,4.275459068485597,
573,1,3.1063620488585206,2.5
573,2,4.0154667229215955,4.0
573,3,4.176872566393939,4.5
573,4,3.3491660333863487,3.0
573,5,3.955123018924416,3.0
573,6,3.0928852352370617,
573,7,3.802350386211043,
573,8,3.925480115359274,4.0
573,9,3.6734525242694716,
573,10,3.4253238843341416,3.0
573,11,3.47085770651245,4.0
573,12,2.811543616666242,2.0
573,13,2.342156493836368,3.5
573,14,4.27563181735552,4.0
573,15,3.4570983671959157,3.0
573,16,3.6303138649500952,3.5
573,17,3.995307630422823,4.0
573,18,4.1060573994682645,4.0
573,19,4.109949614725915,4.5
573,20,2.569141395019515,1.5
573,21,3.978007221973641,4.0
573,22,4.156958237180064,4.0
573,23,4.16153751248043,
573,24,2.8578924285499263,
573,25,2.8771802041329977,4.0
573,26,2.8018464941124965,4.0
573,27,3.686603057010093,
573,28,4.1667044014388654,3.5
573,29,4.438673509204687,4.0
573,30,3.5955095699149284,3.5
573,31,2.8498188992346574,3.0
573,32,2.4096451409631694,3.5
573,33,3.8274021133490255,3.5
573,34,2.699894572334162,
573,35,3.2869079251012496,2.0
573,36,2.9200879758279616,3.0
573,37,2.7446923912096914,3.0
573,38,2.4160449988426107,3.0
573,39,2.277719994145378,2.5
573,40,3.872929684603858,3.0
573,41,3.1528614908147135,
573,42,2.3466800211528156,3.0
573,43,3.5964848930053037,3.5
573,44,3.9208537182004815,
573,45,3.3491648585861085,3.0
573,46,1.7356492471217486,2.5
573,47,3.3179725545685232,3.0
573,48,4.154739576842619,5.0
573,49,2.3725019093264685,3.0
573,50,2.8347320640940694,2.0
573,51,2.2350916367235367,3.0
573,52,2.3921244798146115,4.0
573,53,3.56794859725989,2.5
573,54,2.9444608089441293,
573,55,3.0272501105379654,3.0
573,56,3.734700103512552,
573,57,2.5160468663829163,
573,58,3.700332766132254,3.0
573,59,4.215607742207652,3.0
573,60,4.4360900309030304,
573,61,4.044548982355232,4.0
573,62,3.727734680176563,5.0
573,63,4.284170644217566,
573,64,2.0472420702725262,2.5
573,65,2.9723273141660673,
573,66,2.363964002475198,2.5
573,67,3.9178304266926007,5.0
573,68,2.6647791650899526,2.5
573,69,2.2963313349569736,2.5
573,70,2.655893565086371,3.0
573,71,3.94705054306122,4.0
573,72,3.7398336250123094,4.0
573,73,2.1947291603021797,
573,74,2.854617943619998,4.0
573,75,3.4823487426505766,
573,76,4.183983137258793,
573,77,3.2247994794337114,4.0
573,78,3.8586040290342813,
573,79,3.8465378811372837,4.0
573,80,4.100869733967388,
573,81,3.1455780472977515,3.0
573,82,4.05513615947431,4.5
573,83,3.8902668854968274,
573,84,3.016773479995025,
573,85,3.0326583124461184,
573,86,2.636647158826362,
573,87,3.960148351775238,
573,88,2.8123877255833882,
573,89,3.531106576619387,
573,90,4.087934391413786,
573,91,3.6793358003243335,
573,92,2.2008287046679573,
573,93,4.190047460879548,3.5
573,94,2.691381508197326,2.5
573,95,1.8694578364729975,3.0
573,96,3.421770206160273,3.0
573,97,2.8975229128665583,1.5
573,98,3.1111094750523827,3.0
573,99,4.005597352384169,
573,100,3.454993252472612,
573,101,3.836942785286389,
573,102,4.2929167338677425,4.0
573,103,3.247004564219934,
573,104,3.6318868190746376,
573,105,3.3436115384992386,3.5
573,106,3.690484359668518,
573,107,3.6281591616708675,3.0
573,108,3.009584679818454,
573,109,2.649337769404526,
573,110,3.288833925075721,
573,111,4.030721347341247,
573,112,3.2568258510313592,3.0
573,113,3.4649747883090907,3.5
573,114,4.3629352405465855,3.0
573,115,3.124965612932139,3.0
573,116,3.6953272871837224,
573,117,3.8323787006742647,
573,118,2.7022983850101134,2.5
573,119,4.1703778676119425,
573,120,2.430211141493581,3.0
573,121,4.081670184904862,
573,122,3.3282456069494835,3.0
573,123,4.327236692124236,4.5
573,124,2.5272401205829085,
573,125,2.0651454019790543,2.5
573,126,3.5542352008698583,
573,127,2.1429764784232814,
573,128,3.3652716793086634,
573,129,2.7679387296310134,4.0
573,130,3.5912369605902614,4.5
573,131,3.9639797123459,
573,132,2.950680810826437,3.0
573,133,3.752238577895971,3.0
573,134,3.3218319523321713,
573,135,3.2538553243572816,3.0
573,136,3.1905331006062956,3.5
573,137,3.873012316804607,3.5
573,138,3.0859137250000916,
573,139,3.2528851913853467,3.0
573,140,3.991179919238104,4.5
573,141,2.061452608533327,3.5
573,142,3.273562318596009,4.0
573,143,1.8773139872245659,3.0
573,144,3.207380902155734,
573,145,3.799753737082557,4.0
573,146,3.1994337176475143,
573,147,4.310332731094743,4.0
573,148,2.6789159671330376,3.5
573,149,3.262773237960071,
573,150,3.9833720915479813,
573,151,3.7944920782479157,
573,152,3.5350667627731847,
573,153,3.727766499812795,4.5
573,154,3.0104374187198473,2.5
573,155,4.22338462497166,
573,156,2.521666859351739,2.5
573,157,3.8054211585642834,
573,158,3.51162196664723,
573,159,3.7768923061764315,4.0
573,160,3.405732749318816,2.0
573,161,3.066978503095987,
573,162,3.53276852186263,3.5
573,163,2.797124306528386,
573,164,3.34341690733386,3.5
573,165,4.295545606360655,5.0
573,166,3.027469050951487,
573,167,3.297873103531677,3.0
573,168,3.867565121893722,4.5
573,169,3.1792150994900252,3.5
573,170,2.627902507334986,
573,171,2.9115552090270804,
573,172,2.487108640661077,3.0
573,173,2.3335441236006282,
573,174,2.947027313578898,3.0
573,175,3.552671328730256,
573,176,3.063588129426535,
573,177,1.5018542168159528,2.0
573,178,4.236949519642443,4.5
573,179,3.6775770241321597,3.5
573,180,3.6880469537583953,3.5
573,181,2.247819014105645,3.0
573,182,3.3347411761932615,3.0
573,183,2.434927078360557,3.5
573,184,3.4375694162002866,3.5
573,185,2.139534317320738,3.0
573,186,2.1136065774567103,3.5
573,187,3.7365359881333093,
573,188,3.318109975842031,3.5
573,189,2.9105770416967878,3.0
573,190,3.741668637492582,4.5
573,191,4.01027110863766,2.5
573,192,3.2187737054884935,3.0
573,193,2.9639969679027653,3.5
573,194,3.775361251887337,
573,195,3.1946892781097467,
573,196,4.002963825347899,3.5
573,197,3.3539617373220487,
573,198,3.4647863840260786,3.5
573,199,2.873930766155963,3.0
497,0,2.7470975837865708,1.0
497,1,3.345449982543171,4.0
497,2,3.822758765836894,4.0
497,3,3.1045443471007825,5.0
497,4,2.892406648883725,
497,5,3.3173818316656947,
497,6,3.5735607610559033,5.0
497,7,3.0569886513098985,3.0
497,8,2.7898204230918395,
497,9,3.3830547040697416,5.0
497,10,3.0402378320350385,3.0
497,11,2.998960224965767,5.0
497,12,3.1603980542481653,3.0
497,13,2.7874404369725903,3.0
497,14,3.2416826156262513,3.0
497,15,3.0270583616756523,
497,16,2.20267662756467,2.0
497,17,3.5485451814812863,5.0
497,18,2.1778264486495438,1.0
497,19,2.768485443802778,
497,20,2.7496797257663244,4.0
497,21,3.7013369483402117,5.0
497,22,2.7066322896172057,
497,23,3.061599166038849,3.0
497,24,2.7043982745167168,
497,25,2.5117829107589027,1.0
497,26,2.1236201762155145,1.0
497,27,3.3147173568764554,4.0
497,28,3.1594025258118514,2.0
497,29,2.83198641798908,
497,30,2.868207091512744,
497,31,2.995374041924473,
497,32,1.9842458698373244,4.0
497,33,3.321919888502209,
497,34,2.605558540337102,4.0
497,35,3.2965445010321472,
497,36,2.698899394115224,3.0
497,37,2.5810169438488724,
497,38,2.209529374310931,
497,39,1.9829637652322445,2.0
497,40,3.223562511033466,
497,41,2.482448724423016,2.0
497,42,1.9579189229557592,1.0
497,43,2.8763996416306723,
497,44,3.406111104214535,4.0
497,45,2.978062289380949,
497,46,1.238386118677595,1.0
497,47,2.457212188345802,
497,48,3.415230231195585,2.0
497,49,1.729938231459923,1.0
497,50,2.3792765908768914,
497,51,2.4799015332476917,2.0
497,52,2.3226761297578333,5.0
497,53,3.0086086502505767,5.0
497,54,2.793201820395173,
497,55,2.359164739187955,
497,56,3.4493182865404313,
497,57,2.3672104917678154,2.0
497,58,3.4795636655012214,4.0
497,59,2.8212534997121175,
497,60,3.2197480371765104,
497,61,2.8399455480709976,
497,62,3.333132622974735,5.0
497,63,3.1038836681816884,2.0
497,64,2.3985488241411477,4.0
497,65,2.9708899250648,
497,66,2.2194174379882954,1.0
497,67,2.9065810864411894,3.0
497,68,2.814497233047467,5.0
497,69,2.5403384616195304,4.0
497,70,2.2766746873243964,1.0
497,71,2.7311390168681076,3.0
497,72,3.003151045160377,3.0
497,73,1.9788432847247839,2.0
497,74,2.283258658912276,1.0
497,75,2.7342554203780836,
497,76,2.263903079409247,1.0
497,77,2.0414524997918324,2.0
497,78,3.1331121874146475,3.0
497,79,2.7340557406489565,2.0
497,80,2.0646737794292624,
497,81,2.4870735746074315,
497,82,2.9312008339591102,2.0
497,83,3.1750832873953163,3.0
497,84,2.758411397805288,4.0
497,85,2.3109022698461805,
497,86,1.7771208900930513,
497,87,2.800977099240029,3.0
497,88,2.563935813085941,3.0
497,89,2.8444256657534077,
497,90,2.282594521809959,
497,91,3.0273331824217866,
497,92,1.8097474761257863,1.0
497,93,2.3958085998283645,
497,94,1.4901193784318474,1.0
497,95,1.6325266932470193,
497,96,2.8097912685887714,3.0
497,97,2.259729284823326,
497,98,2.335876221953763,2.0
497,99,2.5970911263460184,
497,100,2.8058861982012946,2.0
497,101,3.1118090227202497,
497,102,2.8901800613236794,
497,103,2.246460349263265,1.0
497,104,2.741384091942637,
497,105,2.6152986642008114,
497,106,2.016153474260629,1.0
497,107,2.8958712044224955,
497,108,2.5010251510162824,
497,109,2.7341164783089056,4.0
497,110,1.6416239785939912,
497,111,2.519345596833859,
497,112,2.899051952871682,
497,113,2.4583075702439037,
497,114,2.564151739955809,
497,115,2.4847473905687774,
497,116,2.8861431625330223,3.0
497,117,2.651981914160452,2.0
497,118,1.2642561230318432,1.0
497,119,2.9468393345677075,
497,120,2.0241210614091663,3.0
497,121,2.664334659713278,
497,122,2.9523314636162987,2.0
497,123,2.9333799994631313,
497,124,2.3987681041154727,2.0
497,125,2.2858110606122763,3.0
497,126,3.0430502852080794,
497,127,1.7858574540181564,1.0
497,128,2.249883980305072,1.0
497,129,2.715773961548959,
497,130,2.9303481444741726,
497,131,2.5456899605650776,1.0
497,132,2.892664823397693,3.0
497,133,2.2661723342223103,
497,134,2.398463932308084,1.0
497,135,2.410058684877834,1.0
497,136,2.0655466691818543,
497,137,2.2752999301526096,2.0
497,138,3.3909844656377044,5.0
497,139,2.7135864337681737,4.0
497,140,2.684952334731161,1.0
497,141,1.865094007288504,1.0
497,142,2.791141566133462,
497,143,1.7059970610588326,2.0
497,144,2.211447092180344,
497,145,2.7452087713768756,3.0
497,146,2.584109208418172,2.0
497,147,2.2560503343702765,1.0
497,148,3.145983906651069,4.0
497,149,2.490273372507402,
497,150,2.570438531719876,
497,151,3.1808798003712235,4.0
497,152,2.946060267364902,
497,153,1.9882592323003418,3.0
497,154,2.4306761586057344,2.0
497,155,3.1593997368860967,
497,156,2.576250218240715,2.0
497,157,2.8304801598043134,1.0
497,158,2.8243034409058376,
497,159,2.27112635409787,
497,160,2.7967530532742053,
497,161,2.5819788500959655,
497,162,3.0551041014818017,
497,163,2.257332154872732,3.0
497,164,2.681348048960371,3.0
497,165,2.384763501407451,
497,166,2.4863904034684903,3.0
497,167,2.5519535662830983,3.0
497,168,2.8428002562420907,
497,169,2.4308459973465806,3.0
497,170,2.4984123931038664,
497,171,2.8820812649917107,4.0
497,172,2.6609169645583686,3.0
497,173,1.483679011448194,
497,174,2.7600835571380813,
497,175,2.6124753962271705,3.0
497,176,2.863342534381335,4.0
497,177,1.5663588491820173,3.0
497,178,2.407577344879716,
497,179,3.0277080250897033,
497,180,2.1487611516536718,
497,181,1.3495730118985003,1.0
497,182,2.300174070418377,
497,183,1.756265251122858,1.0
497,184,2.2622707286762087,
497,185,1.9079615160570427,
497,186,2.4429486633901636,3.0
497,187,3.0032973490411914,
497,188,2.5193763399295737,
497,189,1.894028024525643,1.0
497,190,1.8989066698091541,
497,191,2.7483678560864857,2.0
497,192,2.261814867334703,
497,193,2.7168905760194515,3.0
497,194,2.5915875954041083,
497,195,2.6714916555891217,3.0
497,196,2.8872902974226777,
497,197,2.83624303550852,
497,198,2.231362874616911,1.0
497,199,2.103710797305726,
420,0,4.775239291346205,3.5
420,1,3.852435420107596,4.0
420,2,4.458210066713279,5.0
420,3,4.55685920402483,4.0
420,4,3.9732289135014462,
420,5,4.604155815144262,5.0
420,6,3.8295480634163024,3.5
420,7,4.383179009836235,4.0
420,8,4.367031736698041,4.0
420,9,4.648000916846734,5.0
420,10,4.272439033881493,4.0
420,11,3.971050520541203,
420,12,3.6459193367168123,3.5
420,13,2.64712465736696,2.5
420,14,4.5311172409580145,5.0
420,15,4.1271365513155995,4.0
420,16,3.6106148190840766,4.0
420,17,4.83134767923895,5.0
420,18,4.253482682011278,4.0
420,19,4.35053640007827,5.0
420,20,3.8876329674664047,4.0
420,21,4.806003855958938,5.0
420,22,4.523103766452224,3.5
420,23,4.715401911289903,5.0
420,24,3.260932192829886,3.0
420,25,3.3906248032054758,3.0
420,26,3.2747275696374265,4.0
420,27,4.203461142538684,3.5
420,28,4.8012136991813295,
420,29,4.667382670246769,5.0
420,30,4.2112488508925505,5.0
420,31,3.7835969528273843,3.5
420,32,2.9016074639876184,3.0
420,33,4.669432726635293,5.0
420,34,3.1944186104244428,3.5
420,35,4.151464225274334,5.0
420,36,3.2345229615524986,3.5
420,37,3.581643601905662,3.0
420,38,3.102716107185522,
420,39,2.82923634654134,1.5
420,40,4.480729094092693,
420,41,3.2813058129344013,3.0
420,42,2.9268829477576825,
420,43,4.657042930129104,5.0
420,44,4.626139978980857,5.0
420,45,3.8715939844159206,3.5
420,46,2.314619647736998,3.0
420,47,4.173777322306941,4.5
420,48,4.275574806506549,3.5
420,49,2.890361135499204,
420,50,3.6791414440713597,3.5
420,51,3.638891976702411,
420,52,2.895870677510038,3.0
420,53,4.262847386513591,4.0
420,54,3.8105060028903517,2.5
420,55,3.017352023828318,3.0
420,56,4.551094507893731,5.0
420,57,3.1804794509403913,3.5
420,58,4.0002238542639255,4.0
420,59,4.921986833024588,5.0
420,60,4.879843236919428,5.0
420,61,4.313289719791117,5.0
420,62,4.538558673804506,5.0
420,63,4.727824282385384,5.0
420,64,2.394998618880064,2.0
420,65,3.236143912907412,
420,66,3.053893080987815,
420,67,4.07997358480565,4.5
420,68,3.217788328272521,3.5
420,69,3.307072198571738,4.0
420,70,3.100011105488405,3.0
420,71,3.979303780062661,
420,72,3.8561864492345452,4.0
420,73,2.534944892835381,
420,74,3.6937858808759794,
420,75,3.7791574306988265,3.0
420,76,4.485532109928743,
420,77,3.514622288598429,
420,78,4.905893773170348,5.0
420,79,4.542498978031195,5.0
420,80,4.499329621078362,4.5
420,81,3.3984494133034167,4.0
420,82,4.30315931128303,5.0
420,83,4.547099243213756,
420,84,2.707484532368187,1.5
420,85,3.625734785644393,
420,86,2.876436418935102,3.0
420,87,4.459963423733844,5.0
420,88,3.213637283917404,
420,89,3.6464082400913824,3.0
420,90,4.887103801885334,5.0
420,91,4.240956871491161,4.5
420,92,2.817433073461297,
420,93,4.946805592883555,5.0
420,94,3.0239674402846966,
420,95,2.3861413551901416,2.0
420,96,3.8813050450002824,4.0
420,97,3.5352300482005377,3.5
420,98,3.6455596338325087,
420,99,4.740583411587769,3.5
420,100,4.226879538583783,5.0
420,101,4.677671181353612,3.5
420,102,4.376815690430879,5.0
420,103,3.7374924169367003,
420,104,4.266821752964864,5.0
420,105,3.541389887163221,4.0
420,106,4.0469642768402325,4.0
420,107,3.821422684330788,4.0
420,108,3.803953738191601,4.5
420,109,3.4898519943138204,3.0
420,110,3.4849526634539796,3.5
420,111,4.471933378307593,4.0
420,112,4.2268948969977105,3.5
420,113,4.034715508402705,3.5
420,114,4.617297577485577,5.0
420,115,3.417471417491496,2.5
420,116,4.040250782036071,
420,117,4.204754745078584,5.0
420,118,3.141409307552663,2.5
420,119,4.799591618342855,5.0
420,120,2.8582875858744483,
420,121,4.783775093198894,
420,122,4.060219226449932,3.5
420,123,4.526584974617719,
420,124,3.689577439155952,
420,125,2.6711499136250367,3.0
420,126,4.497993929965376,
420,127,2.5913063886876415,
420,128,3.478706369504134,3.0
420,129,3.1855432043453047,
420,130,3.730224767888992,3.0
420,131,4.5335134627333815,5.0
420,132,3.6731640475262255,
420,133,4.118574498494942,3.5
420,134,4.093985651999065,4.0
420,135,3.695299175309695,
420,136,3.9596289835665988,
420,137,4.225917895340865,4.5
420,138,3.727199531907026,3.5
420,139,3.6392793332101845,3.5
420,140,3.869194439275568,
420,141,2.0421075839656098,2.5
420,142,3.7061407133942095,3.5
420,143,2.3478070052965805,
420,144,4.040069537049408,
420,145,4.217506980649122,5.0
420,146,3.7090338193459997,3.5
420,147,4.609691285774005,3.0
420,148,3.0399013343378694,
420,149,4.099053495861438,
420,150,4.789099225624552,5.0
420,151,4.395698306144511,
420,152,3.7245435283152664,3.5
420,153,4.25415777303201,
420,154,3.4891958307258943,
420,155,4.446303149961909,4.0
420,156,2.9101236954110856,3.0
420,157,4.106007147639777,4.0
420,158,3.890242625323639,4.0
420,159,3.866536585997375,4.0
420,160,4.105798401175817,3.5
420,161,3.8025459323107995,4.5
420,162,3.9118113978516855,3.5
420,163,3.1095439755252947,2.5
420,164,4.082505920301225,3.5
420,165,4.594037158568112,5.0
420,166,3.7660278633907533,4.0
420,167,3.9514441715904867,
420,168,4.470692495477524,4.0
420,169,3.2500844104382667,3.5
420,170,3.4180865668955613,
420,171,3.227090958403367,3.0
420,172,3.352113591687258,
420,173,3.3677465822157484,4.5
420,174,3.7330090618895793,
420,175,4.243308308744162,
420,176,3.7228964921065932,3.5
420,177,2.417472718222793,2.0
420,178,4.520191223216497,
420,179,4.030867209395898,3.0
420,180,4.14703495460568,3.0
420,181,2.712729908730501,3.0
420,182,4.098322936576786,3.5
420,183,3.1973577854683883,
420,184,4.033535808032399,
420,185,2.8392521433435864,
420,186,3.321486760601731,
420,187,4.146338128291869,4.0
420,188,3.8740751793966637,
420,189,3.460499132909328,
420,190,4.171565499442973,
420,191,4.675451224788465,
420,192,4.039190436755838,4.5
420,193,3.8117128525169424,4.0
420,194,4.023734263252533,4.0
420,195,4.0226208443250515,
420,196,4.648203785560093,
420,197,4.122624873577548,
420,198,3.9031219515729303,4.0
420,199,3.2706591791456536,
